{"shape":[[-70.595409,-33.455145],[-70.59748,-33.454949],[-70.605029,-33.454166],[-70.606124,-33.4623],[-70.606423,-33.463715],[-70.606783,-33.464529],[-70.607694,-33.465251],[-70.608764,-33.465668],[-70.609857,-33.465801],[-70.611311,-33.465754],[-70.613356,-33.465712],[-70.615351,-33.465629],[-70.619142,-33.466087],[-70.621935,-33.466503],[-70.623731,-33.466877],[-70.624548,-33.467057],[-70.626195,-33.467345],[-70.626884,-33.46752],[-70.62744,-33.46808],[-70.62747,-33.468761],[-70.627318,-33.469521],[-70.627014,-33.470408],[-70.627267,-33.471126],[-70.628178,-33.471717],[-70.629565,-33.472281],[-70.630255,-33.472728],[-70.631047,-33.473156],[-70.632238,-33.473667],[-70.633978,-33.474204],[-70.640292,-33.476344],[-70.648423,-33.476718],[-70.648267,-33.479988],[-70.649514,-33.482661],[-70.651029,-33.488809],[-70.65192,-33.492997],[-70.653167,-33.497274],[-70.653702,-33.499323],[-70.654771,-33.502441],[-70.655662,-33.505917],[-70.656999,-33.510104],[-70.657444,-33.512421],[-70.65887,-33.517143],[-70.65985,-33.520975],[-70.661543,-33.526499],[-70.662434,-33.530153],[-70.664305,-33.537459],[-70.665579608,-33.54224493],[-70.667238958,-33.548607746],[-70.667954735,-33.551382406],[-70.6685212419999,-33.553498792],[-70.6696837819999,-33.557589516],[-70.6705584979999,-33.560622892],[-70.671006543,-33.562163283],[-70.672085038,-33.566094521],[-70.673127015,-33.569873092],[-70.673483861,-33.571108516],[-70.67388091,-33.572597496],[-70.6743788799999,-33.5745611999999],[-70.675130281,-33.5771843329999],[-70.676247723,-33.5810323709999],[-70.6769585709999,-33.583604448],[-70.743346,-33.743293]],"time":2684}