{"shape":[[-70.595409,-33.455145],[-70.596119,-33.455071],[-70.596276,-33.455055],[-70.596387,-33.455043],[-70.596529,-33.455026],[-70.596843,-33.454991],[-70.596954,-33.454978],[-70.597467,-33.45492],[-70.597678,-33.454897],[-70.597757,-33.454888],[-70.597996,-33.454862],[-70.598268,-33.454833],[-70.598341,-33.454826],[-70.598472,-33.454812],[-70.598592,-33.454798],[-70.599765,-33.454646],[-70.599907,-33.454627],[-70.600032,-33.454612],[-70.600154,-33.454597],[-70.600457,-33.454563],[-70.60049,-33.45456],[-70.600625,-33.454544],[-70.600641,-33.454542],[-70.600673,-33.454539],[-70.60085,-33.454521],[-70.601123,-33.454493],[-70.601166,-33.454489],[-70.60117,-33.454433],[-70.601214,-33.453828],[-70.601329,-33.452573],[-70.601336,-33.452478],[-70.601346,-33.452367],[-70.601438,-33.451662],[-70.601501,-33.451239],[-70.601658,-33.449917],[-70.601667,-33.449838],[-70.601676,-33.449784],[-70.602236,-33.449867],[-70.60224,-33.449842],[-70.602434,-33.448437],[-70.602438,-33.448404],[-70.602451,-33.448322],[-70.60246,-33.448248],[-70.602562,-33.447488],[-70.602662,-33.446747],[-70.60267,-33.446672],[-70.602681,-33.446589],[-70.602775,-33.446005],[-70.602801,-33.445798],[-70.602809,-33.445734],[-70.602847,-33.445452],[-70.602878,-33.445244],[-70.602891,-33.44515],[-70.602898,-33.445106],[-70.602911,-33.445018],[-70.602922,-33.444934],[-70.603052,-33.443959],[-70.603143,-33.443282],[-70.60315,-33.443226],[-70.603151,-33.443192],[-70.603149,-33.443138],[-70.603149,-33.443054],[-70.60315,-33.443028],[-70.603136,-33.442065],[-70.603134,-33.441935],[-70.603129,-33.441808],[-70.603104,-33.441216],[-70.603089,-33.439832],[-70.603089,-33.439775],[-70.603085,-33.439727],[-70.603102,-33.439651],[-70.603151,-33.439483],[-70.603809,-33.437782],[-70.603823,-33.437746],[-70.603846,-33.437687],[-70.603869,-33.437619],[-70.603895,-33.437552],[-70.604094,-33.437024],[-70.604274,-33.436551],[-70.604292,-33.436504],[-70.604651,-33.435536],[-70.604666,-33.435495],[-70.604708,-33.435382],[-70.604736,-33.435308],[-70.604744,-33.435288],[-70.605016,-33.434572],[-70.605162,-33.434189],[-70.605322,-33.433768],[-70.60551,-33.433275],[-70.6057,-33.432776],[-70.605816,-33.432471],[-70.605855,-33.432369],[-70.606171,-33.431539],[-70.606406,-33.430922],[-70.606423,-33.430875],[-70.60645,-33.430805],[-70.606577,-33.430833],[-70.608211,-33.431183],[-70.609278,-33.431413],[-70.609341,-33.431427],[-70.609453,-33.431451],[-70.60949,-33.43135],[-70.609504,-33.431308],[-70.609616,-33.430978]],"time":809.578}
