{"shape":[[-70.595409,-33.455145],[-70.59748,-33.454949],[-70.605029,-33.454166],[-70.606124,-33.4623],[-70.606423,-33.463715],[-70.606783,-33.464529],[-70.607694,-33.465251],[-70.608764,-33.465668],[-70.609857,-33.465801],[-70.611311,-33.465754],[-70.613356,-33.465712],[-70.615351,-33.465629],[-70.619142,-33.466087],[-70.621935,-33.466503],[-70.623731,-33.466877],[-70.624548,-33.467057],[-70.626195,-33.467345],[-70.623567,-33.472591],[-70.622298,-33.477469],[-70.621696,-33.479674],[-70.620694,-33.483484],[-70.619624,-33.485555],[-70.618555,-33.487092],[-70.61762,-33.49157],[-70.626147,-33.494377]],"time":1338}