{"shape":[[-71.038724,-34.039453]],"time":0}