{"shape":[[-71.038724,-34.039453],[-70.673483861,-33.571108516],[-70.67388091,-33.572597496],[-70.6743788799999,-33.5745611999999],[-70.675130281,-33.5771843329999],[-70.676247723,-33.5810323709999],[-70.6769585709999,-33.583604448],[-70.667954735,-33.551382406],[-70.6685212419999,-33.553498792],[-70.6696837819999,-33.557589516],[-70.6705584979999,-33.560622892],[-70.671006543,-33.562163283],[-70.672085038,-33.566094521],[-70.673127015,-33.569873092],[-70.673483861,-33.571108516],[-70.665579608,-33.54224493],[-70.667238958,-33.548607746],[-70.662434,-33.530153],[-70.664305,-33.537459],[-70.65985,-33.520975],[-70.661543,-33.526499],[-70.657444,-33.512421],[-70.65887,-33.517143],[-70.655662,-33.505917],[-70.656999,-33.510104],[-70.653702,-33.499323],[-70.654771,-33.502441],[-70.648878,-33.500456]],"time":3112}