{"shape":[[-70.743346,-33.743293]],"time":0}