{"shape":[[-70.78715,-33.624912]],"time":0}