{"shape":[[-70.751448,-33.421557],[-70.740799,-33.444715],[-70.726615,-33.444465],[-70.723357,-33.444214],[-70.71203,-33.442661],[-70.707318,-33.441458],[-70.697996,-33.439052],[-70.690879,-33.43825],[-70.685316,-33.438751],[-70.680404,-33.440355],[-70.644518,-33.436596],[-70.652803,-33.436198],[-70.653208,-33.433813],[-70.653254,-33.433367],[-70.653265,-33.433052],[-70.653265,-33.432723],[-70.653219,-33.431639],[-70.653233,-33.430996],[-70.653333,-33.430115],[-70.653547,-33.429209],[-70.653776,-33.428411],[-70.655686,-33.421121],[-70.656373,-33.417663],[-70.65678,-33.416561],[-70.657356,-33.415179],[-70.65846,-33.412875],[-70.6593,-33.411032],[-70.660428,-33.407947],[-70.661028,-33.406565],[-70.661606,-33.40569],[-70.662217,-33.405039],[-70.664015,-33.402942],[-70.666696,-33.400364],[-70.669546,-33.397985],[-70.671001,-33.396561],[-70.672231,-33.395154],[-70.674824,-33.391425],[-70.67665,-33.389138],[-70.679226,-33.385877],[-70.681846,-33.3828],[-70.682733,-33.381351],[-70.6835,-33.379498],[-70.684266,-33.377342],[-70.685239,-33.375676],[-70.685799,-33.374699],[-70.686053,-33.374047],[-70.686104,-33.373452],[-70.686104,-33.372942],[-70.686138,-33.372545],[-70.686104,-33.371752],[-70.686155,-33.371271],[-70.686227,-33.370964],[-70.68655,-33.369684],[-70.686832,-33.368471],[-70.687357,-33.367393],[-70.68776,-33.366887],[-70.688043,-33.366618],[-70.688688,-33.36618],[-70.689939,-33.365775],[-70.691109,-33.36554],[-70.69244,-33.365439],[-70.695989681,-33.365199713],[-70.7025857099999,-33.365267584],[-70.705335718,-33.365485522],[-70.70660796,-33.3657555309999],[-70.7082168319999,-33.3659093329999],[-70.7097052559999,-33.365987407],[-70.711105049,-33.366207613],[-70.7126226509999,-33.366522225],[-70.71483764,-33.36705912],[-70.7163944059999,-33.3674225249999],[-70.716792759,-33.367441791],[-70.7172850809999,-33.3673826209999],[-70.719433516,-33.366943291],[-70.7215772119999,-33.366504603],[-70.720629,-33.401367]],"time":3034}