{"shape":[[-70.751448,-33.421557],[-70.740799,-33.444715],[-70.726615,-33.444465],[-70.723357,-33.444214],[-70.71203,-33.442661],[-70.707318,-33.441458],[-70.697996,-33.439052],[-70.690879,-33.43825],[-70.685316,-33.438751],[-70.680404,-33.440355],[-70.644518,-33.436596],[-70.652803,-33.436198],[-70.653208,-33.433813],[-70.653254,-33.433367],[-70.653265,-33.433052],[-70.64791,-33.43205],[-70.64996,-33.432941],[-70.652633,-33.432674],[-70.645415,-33.424209],[-70.646128,-33.426259],[-70.647108,-33.429644],[-70.643791,-33.417228],[-70.643812,-33.418507],[-70.644435,-33.420823],[-70.64497,-33.422427],[-70.643377,-33.409409],[-70.643603,-33.41407],[-70.641571,-33.409126]],"time":2505}