{"shape":[[-70.711919,-33.494711],[-70.681869,-33.478242],[-70.683944,-33.478242],[-70.685007,-33.479002],[-70.6854,-33.47992],[-70.686403,-33.48201],[-70.687334,-33.483025],[-70.689267,-33.483802],[-70.690484,-33.484279],[-70.691844,-33.484578],[-70.693348,-33.48416],[-70.695424,-33.483384],[-70.678325,-33.478369],[-70.679489,-33.478326],[-70.681869,-33.478242],[-70.651973,-33.476742],[-70.653137,-33.476869],[-70.654049,-33.477333],[-70.655061,-33.478262],[-70.656023,-33.478727],[-70.660023,-33.478854],[-70.66625,-33.478685],[-70.648423,-33.476718],[-70.626884,-33.46752],[-70.62744,-33.46808],[-70.62747,-33.468761],[-70.627318,-33.469521],[-70.627014,-33.470408],[-70.627267,-33.471126],[-70.628178,-33.471717],[-70.629565,-33.472281],[-70.630255,-33.472728],[-70.631047,-33.473156],[-70.632238,-33.473667],[-70.633978,-33.474204],[-70.640292,-33.476344],[-70.623567,-33.472591],[-70.622298,-33.477469],[-70.621696,-33.479674],[-70.620694,-33.483484],[-70.619624,-33.485555],[-70.618555,-33.487092],[-70.61762,-33.49157],[-70.617018,-33.493842],[-70.616016,-33.498252],[-70.614479,-33.505269],[-70.612674,-33.507809],[-70.61067,-33.509613],[-70.606593,-33.512888],[-70.602584,-33.516095],[-70.60118,-33.517833],[-70.59971,-33.519704],[-70.598373,-33.522644],[-70.596703,-33.526387],[-70.596758,-33.526154],[-70.590164,-33.510828],[-70.591055,-33.513501],[-70.593907,-33.516798],[-70.596134,-33.519471],[-70.521633,-33.523878]],"time":3383}