{"shape":[[-70.72,-33.44],[-70.723357,-33.444214],[-70.71203,-33.442661],[-70.73,-33.42]],"time":720}
