{"shape":[[-70.71,-33.5],[-70.681869,-33.478242],[-70.683944,-33.478242],[-70.685007,-33.479002],[-70.6854,-33.47992],[-70.686403,-33.48201],[-70.687334,-33.483025],[-70.689267,-33.483802],[-70.690484,-33.484279],[-70.691844,-33.484578],[-70.693348,-33.48416],[-70.695424,-33.483384],[-70.678325,-33.478369],[-70.679489,-33.478326],[-70.681869,-33.478242],[-70.651973,-33.476742],[-70.653137,-33.476869],[-70.654049,-33.477333],[-70.655061,-33.478262],[-70.656023,-33.478727],[-70.660023,-33.478854],[-70.66625,-33.478685],[-70.656108,-33.471434],[-70.654593,-33.47375],[-70.652811,-33.474909],[-70.649603,-33.476156],[-70.656553,-33.46386],[-70.656464,-33.469919],[-70.658157,-33.454237],[-70.657177,-33.455841],[-70.656732,-33.457623],[-70.65691,-33.460385],[-70.660207,-33.447732],[-70.659583,-33.450138],[-70.658603,-33.4529],[-70.663757,-33.446999],[-70.667566,-33.447951],[-70.668669,-33.448101],[-70.670523,-33.448703],[-70.67318,-33.449404],[-70.674433,-33.449655],[-70.676588,-33.450257],[-70.679144,-33.450908],[-70.680698,-33.45156],[-70.682552,-33.452011],[-70.686161,-33.452913],[-70.687965,-33.453264],[-70.692476,-33.454066],[-70.695784,-33.455018],[-70.699693,-33.45602],[-70.701147,-33.456271],[-70.705958,-33.457173],[-70.711021,-33.458426],[-70.715782,-33.457975],[-70.72,-33.46]],"time":3120}
