{"shape":[[-70.71,-33.5],[-70.681869,-33.478242],[-70.683944,-33.478242],[-70.685007,-33.479002],[-70.6854,-33.47992],[-70.686403,-33.48201],[-70.687334,-33.483025],[-70.689267,-33.483802],[-70.690484,-33.484279],[-70.691844,-33.484578],[-70.693348,-33.48416],[-70.695424,-33.483384],[-70.678325,-33.478369],[-70.679489,-33.478326],[-70.681869,-33.478242],[-70.67,-33.47]],"time":1010}
