{"shape":[[-70.751448,-33.421557]],"time":0}