{"shape":[[-70.751448,-33.421557],[-70.73985431211761,-33.444710281418],[-70.73873212460514,-33.44472056266619],[-70.73760993709266,-33.44473084391439],[-70.73648774958018,-33.44474112516259],[-70.7353655620677,-33.44475140641078],[-70.73424337455522,-33.44476168765898],[-70.73312118704274,-33.444771968907176],[-70.73199899953028,-33.44478225015537],[-70.7308768120178,-33.444792531403564],[-70.72975462450532,-33.44480281265176],[-70.72863243699284,-33.44481309389996],[-70.72751024948036,-33.444823375148154],[-70.72638806196788,-33.44483365639635],[-70.7252658744554,-33.44484393764455],[-70.72414368694292,-33.44485421889274],[-70.72302149943044,-33.44486450014094],[-70.722716357053,-33.450522928676676],[-70.72276721411592,-33.44957985725406],[-70.72281807117882,-33.44863678583143],[-70.72286892824172,-33.44769371440881],[-70.72291978530463,-33.44675064298618],[-70.72297064236754,-33.44580757156356],[-70.72302149943044,-33.44486450014094],[-70.71642001873828,-33.45670570441602],[-70.71720070389476,-33.45605074137642],[-70.71798138905123,-33.455395778336836],[-70.71876207420772,-33.45474081529725],[-70.71954275936419,-33.454085852257656],[-70.72032344452067,-33.45343088921807],[-70.72110412967714,-33.45277592617848],[-70.72188481483363,-33.45212096313889],[-70.7226654999901,-33.4514660000993],[-70.70772926059149,-33.45749483358762],[-70.70885927101868,-33.457475666997325],[-70.70998928144587,-33.45745650040704],[-70.71111929187305,-33.457437333816756],[-70.71224930230024,-33.457418167226464],[-70.71337931272743,-33.45739900063618],[-70.71450932315462,-33.45737983404589],[-70.7156393335818,-33.4573606674556],[-70.70085737521555,-33.45612900009082],[-70.7020057502053,-33.45640600010823],[-70.70315412519506,-33.45668300012565],[-70.7043025001848,-33.45696000014307],[-70.70545087517455,-33.45723700016048],[-70.697497,-33.465049]],"time":1658}