{"shape":[[-70.72,-33.44],[-70.723357,-33.444214],[-70.71203,-33.442661],[-70.726615,-33.444465],[-70.723357,-33.444214],[-70.76,-33.44]],"time":908}
