{"shape":[[-70.67,-33.2],[-70.686104,-33.373452],[-70.686104,-33.372942],[-70.686138,-33.372545],[-70.686104,-33.371752],[-70.686155,-33.371271],[-70.686227,-33.370964],[-70.68655,-33.369684],[-70.686832,-33.368471],[-70.687357,-33.367393],[-70.68776,-33.366887],[-70.688043,-33.366618],[-70.688688,-33.36618],[-70.689939,-33.365775],[-70.691109,-33.36554],[-70.681846,-33.3828],[-70.682733,-33.381351],[-70.6835,-33.379498],[-70.684266,-33.377342],[-70.685239,-33.375676],[-70.685799,-33.374699],[-70.686053,-33.374047],[-70.686104,-33.373452],[-70.671001,-33.396561],[-70.672231,-33.395154],[-70.674824,-33.391425],[-70.67665,-33.389138],[-70.679226,-33.385877],[-70.7,-33.41]],"time":1576}
