{"shape":[[-70.7,-33.41],[-70.669546,-33.397985],[-70.671001,-33.396561],[-70.672231,-33.395154],[-70.674824,-33.391425],[-70.67665,-33.389138],[-70.679226,-33.385877],[-70.68,-33.38]],"time":782}
