{"shape":[[-70.673605,-33.386882],[-70.67980157142857,-33.38451535714285],[-70.68030014285715,-33.383653714285714],[-70.68079871428571,-33.38279207142857],[-70.6812972857143,-33.38193042857143],[-70.68179585714286,-33.381068785714284],[-70.68229442857144,-33.380207142857145],[-70.682793,-33.3793455],[-70.68329157142857,-33.378483857142854],[-70.68379014285715,-33.377622214285715],[-70.68428871428571,-33.37676057142857],[-70.6847872857143,-33.37589892857143],[-70.68528585714286,-33.375037285714285],[-70.68578442857144,-33.374175642857146],[-70.686283,-33.373314],[-70.68677011111112,-33.37245411111111],[-70.68725722222223,-33.37159422222222],[-70.68774433333334,-33.37073433333333],[-70.68823144444445,-33.36987444444444],[-70.68871855555555,-33.36901455555556],[-70.68920566666667,-33.36815466666667],[-70.68969277777778,-33.36729477777778],[-70.69017988888889,-33.36643488888889],[-70.589797,-33.100615]],"time":875}