{"shape":[[-70.673605,-33.386882],[-70.669546,-33.397985],[-70.671001,-33.396561],[-70.672231,-33.395154],[-70.674824,-33.391425],[-70.67665,-33.389138],[-70.679226,-33.385877],[-70.661606,-33.40569],[-70.662217,-33.405039],[-70.664015,-33.402942],[-70.666696,-33.400364],[-70.669546,-33.397985],[-70.65678,-33.416561],[-70.657356,-33.415179],[-70.65846,-33.412875],[-70.6593,-33.411032],[-70.660428,-33.407947],[-70.661028,-33.406565],[-70.653265,-33.432723],[-70.653219,-33.431639],[-70.653233,-33.430996],[-70.653333,-33.430115],[-70.653547,-33.429209],[-70.653776,-33.428411],[-70.655686,-33.421121],[-70.656373,-33.417663],[-70.656732,-33.431516],[-70.659583,-33.431516],[-70.660652,-33.432852],[-70.660296,-33.435347],[-70.65985,-33.438109],[-70.633742,-33.437097],[-70.632589,-33.43891],[-70.63172,-33.442786],[-70.631386,-33.443788],[-70.63045,-33.447063],[-70.629849,-33.449669],[-70.628847,-33.453679],[-70.61502,-33.453021],[-70.616332,-33.452995],[-70.618064,-33.453137],[-70.620169,-33.45342],[-70.62258,-33.453987],[-70.625887,-33.454418],[-70.628437,-33.45492],[-70.613835,-33.453164],[-70.605029,-33.454166],[-70.582595,-33.454798],[-70.584828,-33.455259],[-70.587517,-33.4556],[-70.591767,-33.455379],[-70.595056,-33.455199],[-70.59748,-33.454949],[-70.574006,-33.453863],[-70.576101,-33.454192],[-70.580987,-33.454618],[-70.570734,-33.45349],[-70.534464,-33.447065]],"time":4276}