{"shape":[[-70.7,-33.41],[-70.661028,-33.406565],[-70.661606,-33.40569],[-70.662217,-33.405039],[-70.664015,-33.402942],[-70.666696,-33.400364],[-70.669546,-33.397985],[-70.65678,-33.416561],[-70.657356,-33.415179],[-70.65846,-33.412875],[-70.6593,-33.411032],[-70.660428,-33.407947],[-70.661028,-33.406565],[-70.653265,-33.432723],[-70.653219,-33.431639],[-70.653233,-33.430996],[-70.653333,-33.430115],[-70.653547,-33.429209],[-70.653776,-33.428411],[-70.655686,-33.421121],[-70.656373,-33.417663],[-70.656732,-33.431516],[-70.659583,-33.431516],[-70.660652,-33.432852],[-70.660296,-33.435347],[-70.65985,-33.438109],[-70.65985,-33.439624],[-70.660117,-33.441673],[-70.66083,-33.44399],[-70.660474,-33.446128],[-70.660207,-33.447732],[-70.659583,-33.450138],[-70.658603,-33.4529],[-70.658157,-33.454237],[-70.657177,-33.455841],[-70.656732,-33.457623],[-70.65691,-33.460385],[-70.656553,-33.46386],[-70.656464,-33.469919],[-70.656108,-33.471434],[-70.654593,-33.47375],[-70.652811,-33.474909],[-70.649603,-33.476156],[-70.648267,-33.479988],[-70.649514,-33.482661],[-70.651029,-33.488809],[-70.65192,-33.492997],[-70.653167,-33.497274],[-70.653702,-33.499323],[-70.654771,-33.502441],[-70.655662,-33.505917],[-70.656999,-33.510104],[-70.657444,-33.512421],[-70.65887,-33.517143],[-70.65985,-33.520975],[-70.661543,-33.526499],[-70.662434,-33.530153],[-70.664305,-33.537459],[-70.665579608,-33.54224493],[-70.667238958,-33.548607746],[-70.667954735,-33.551382406],[-70.6685212419999,-33.553498792],[-70.6696837819999,-33.557589516],[-70.6705584979999,-33.560622892],[-70.671006543,-33.562163283],[-70.672085038,-33.566094521],[-70.673127015,-33.569873092],[-70.673483861,-33.571108516],[-70.67388091,-33.572597496],[-70.6743788799999,-33.5745611999999],[-70.675130281,-33.5771843329999],[-70.676247723,-33.5810323709999],[-70.6769585709999,-33.583604448],[-70.7,-33.59]],"time":3858}
