{"shape":[[-71.081427,-33.370696],[-70.740799,-33.444715],[-70.726615,-33.444465],[-70.723357,-33.444214],[-70.72315,-33.448402],[-70.7233,-33.444192],[-70.721646,-33.456221],[-70.722448,-33.454567],[-70.722749,-33.45156],[-70.711021,-33.458426],[-70.715782,-33.457975],[-70.701147,-33.456271],[-70.705958,-33.457173],[-70.697497,-33.465049]],"time":1504}