{"shape":[[-71.014312,-33.666635],[-70.757288,-33.510473],[-70.757339,-33.504008],[-70.757639,-33.49654],[-70.757038,-33.493683],[-70.754682,-33.491929],[-70.752878,-33.489974],[-70.747916,-33.485614],[-70.745109,-33.481855],[-70.73699,-33.47168],[-70.73729,-33.470628],[-70.73729,-33.467921],[-70.737942,-33.462759],[-70.738995,-33.452634],[-70.739496,-33.447121],[-70.739596,-33.44647],[-70.740649,-33.445718],[-70.740799,-33.444715],[-70.726615,-33.444465],[-70.723357,-33.444214],[-70.71203,-33.442661],[-70.707318,-33.441458],[-70.697996,-33.439052],[-70.690879,-33.43825],[-70.685316,-33.438751],[-70.680404,-33.440355],[-70.644518,-33.436596],[-70.652803,-33.436198],[-70.653208,-33.433813],[-70.653254,-33.433367],[-70.653265,-33.433052],[-70.653265,-33.432723],[-70.653219,-33.431639],[-70.653233,-33.430996],[-70.653333,-33.430115],[-70.653547,-33.429209],[-70.653776,-33.428411],[-70.655686,-33.421121],[-70.656373,-33.417663],[-70.65678,-33.416561],[-70.657356,-33.415179],[-70.65846,-33.412875],[-70.6593,-33.411032],[-70.660428,-33.407947],[-70.661028,-33.406565],[-70.66303,-33.410872]],"time":2993}