{"shape":[[-71.014312,-33.666635],[-70.75692252373317,-33.50898445244193],[-70.75695171421523,-33.50804557148486],[-70.75698090469729,-33.507106690527785],[-70.75701009517935,-33.50616780957071],[-70.75703928566142,-33.50522892861364],[-70.75706847614349,-33.50429004765657],[-70.75709766662555,-33.5033511666995],[-70.75712685710761,-33.50241228574243],[-70.75715604758967,-33.50147340478536],[-70.75718523807174,-33.500534523828286],[-70.75721442855381,-33.49959564287121],[-70.75724361903586,-33.49865676191414],[-70.75727280951793,-33.49771788095707],[-71.202565,-33.498892]],"time":764}