{"shape":[[-70.697497,-33.465049],[-70.69333828598637,-33.45444542860874],[-70.69440007169294,-33.454679857186186],[-70.69546185739951,-33.45491428576363],[-70.69652364310609,-33.45514871434107],[-70.69758542881266,-33.455383142918514],[-70.69864721451923,-33.45561757149596],[-70.6997090002258,-33.4558520000734],[-70.68740570008484,-33.4530110000345],[-70.68862340013358,-33.4533110000337],[-70.68984110018232,-33.4536110000329],[-70.69105880023106,-33.4539110000321],[-70.6922765002798,-33.4542110000313],[-70.68026105598652,-33.451318778073215],[-70.68144644479644,-33.45159722246564],[-70.68263183360635,-33.45187566685805],[-70.68381722241627,-33.452154111250465],[-70.68500261122618,-33.452432555642886],[-70.6861880000361,-33.4527110000353],[-70.67453273343621,-33.44965180011112],[-70.6756684668713,-33.449998933503544],[-70.6768042003064,-33.45034606689596],[-70.6779399337415,-33.450693200288384],[-70.6790756671766,-33.4510403336808],[-70.66784755591468,-33.4479707780557],[-70.66895744473196,-33.4482375557883],[-70.67006733354924,-33.4485043335209],[-70.67117722236654,-33.4487711112535],[-70.67228711118382,-33.449037888986105],[-70.665,-33.45254]],"time":1423}