{"shape":[[-70.697497,-33.465049],[-70.692476,-33.454066],[-70.695784,-33.455018],[-70.699693,-33.45602],[-70.687965,-33.453264],[-70.692476,-33.454066],[-70.680698,-33.45156],[-70.682552,-33.452011],[-70.686161,-33.452913],[-70.674433,-33.449655],[-70.676588,-33.450257],[-70.679144,-33.450908],[-70.668669,-33.448101],[-70.670523,-33.448703],[-70.67318,-33.449404],[-70.663757,-33.446999],[-70.667566,-33.447951],[-70.65985,-33.439624],[-70.660117,-33.441673],[-70.66083,-33.44399],[-70.660474,-33.446128],[-70.633742,-33.437097],[-70.62742,-33.434018],[-70.629575,-33.435321],[-70.633534,-33.436975],[-70.621957,-33.429757],[-70.624112,-33.431311],[-70.626518,-33.433165],[-70.616293,-33.427151],[-70.6192,-33.428304],[-70.609616,-33.430978]],"time":2575}