{"shape":[[-70.697497,-33.465049],[-70.692476,-33.454066],[-70.695784,-33.455018],[-70.699693,-33.45602],[-70.687965,-33.453264],[-70.692476,-33.454066],[-70.680698,-33.45156],[-70.682552,-33.452011],[-70.686161,-33.452913],[-70.674433,-33.449655],[-70.676588,-33.450257],[-70.679144,-33.450908],[-70.668669,-33.448101],[-70.670523,-33.448703],[-70.67318,-33.449404],[-70.663757,-33.446999],[-70.667566,-33.447951],[-70.65985,-33.439624],[-70.660117,-33.441673],[-70.66083,-33.44399],[-70.660474,-33.446128],[-70.656732,-33.431516],[-70.659583,-33.431516],[-70.660652,-33.432852],[-70.660296,-33.435347],[-70.65985,-33.438109],[-70.64791,-33.43205],[-70.64996,-33.432941],[-70.652633,-33.432674],[-70.645415,-33.424209],[-70.646128,-33.426259],[-70.647108,-33.429644],[-70.643791,-33.417228],[-70.643812,-33.418507],[-70.644435,-33.420823],[-70.64497,-33.422427],[-70.643377,-33.409409],[-70.643603,-33.41407],[-70.641571,-33.409126]],"time":2894}