{"shape":[[-70.69,-33.46],[-70.686161,-33.452913],[-70.687965,-33.453264],[-70.692476,-33.454066],[-70.680698,-33.45156],[-70.682552,-33.452011],[-70.686161,-33.452913],[-70.674433,-33.449655],[-70.676588,-33.450257],[-70.679144,-33.450908],[-70.668669,-33.448101],[-70.670523,-33.448703],[-70.67318,-33.449404],[-70.663757,-33.446999],[-70.667566,-33.447951],[-70.656289,-33.445245],[-70.660299,-33.446097],[-70.654836,-33.444844],[-70.651549,-33.444081],[-70.643938,-33.45852],[-70.646111,-33.458775],[-70.647809,-33.458464],[-70.64893,-33.458011],[-70.649473,-33.457331],[-70.650491,-33.451381],[-70.642682,-33.458237],[-70.61502,-33.453021],[-70.616332,-33.452995],[-70.618064,-33.453137],[-70.620169,-33.45342],[-70.62258,-33.453987],[-70.625887,-33.454418],[-70.628437,-33.45492],[-70.613835,-33.453164],[-70.605029,-33.454166],[-70.59,-33.46]],"time":2744}
