{"shape":[[-70.69,-33.46],[-70.692476,-33.454066],[-70.695784,-33.455018],[-70.699693,-33.45602],[-70.701147,-33.456271],[-70.705958,-33.457173],[-70.711021,-33.458426],[-70.715782,-33.457975],[-70.721646,-33.456221],[-70.722448,-33.454567],[-70.722749,-33.45156],[-70.72315,-33.448402],[-70.7233,-33.444192],[-70.726615,-33.444465],[-70.723357,-33.444214],[-70.76,-33.44]],"time":1138}
