{"shape":[[-70.697497,-33.465049],[-70.699693,-33.45602],[-70.701147,-33.456271],[-70.705958,-33.457173],[-70.711021,-33.458426],[-70.715782,-33.457975],[-70.721646,-33.456221],[-70.722448,-33.454567],[-70.722749,-33.45156],[-70.72315,-33.448402],[-70.7233,-33.444192],[-70.71203,-33.442661],[-70.707318,-33.441458],[-70.697996,-33.439052],[-70.690879,-33.43825],[-70.696092,-33.428194]],"time":1337}