{"shape":[[-70.69,-33.46],[-70.686161,-33.452913],[-70.687965,-33.453264],[-70.692476,-33.454066],[-70.680698,-33.45156],[-70.682552,-33.452011],[-70.686161,-33.452913],[-70.674433,-33.449655],[-70.676588,-33.450257],[-70.679144,-33.450908],[-70.668669,-33.448101],[-70.670523,-33.448703],[-70.67318,-33.449404],[-70.663757,-33.446999],[-70.667566,-33.447951],[-70.660207,-33.447732],[-70.659583,-33.450138],[-70.658603,-33.4529],[-70.658157,-33.454237],[-70.657177,-33.455841],[-70.656732,-33.457623],[-70.65691,-33.460385],[-70.656553,-33.46386],[-70.656464,-33.469919],[-70.656108,-33.471434],[-70.654593,-33.47375],[-70.652811,-33.474909],[-70.649603,-33.476156],[-70.648267,-33.479988],[-70.649514,-33.482661],[-70.651029,-33.488809],[-70.65192,-33.492997],[-70.653167,-33.497274],[-70.649,-33.497]],"time":2089}
