{"shape":[[-70.69,-33.46],[-70.686161,-33.452913],[-70.687965,-33.453264],[-70.692476,-33.454066],[-70.680698,-33.45156],[-70.682552,-33.452011],[-70.686161,-33.452913],[-70.674433,-33.449655],[-70.676588,-33.450257],[-70.679144,-33.450908],[-70.668669,-33.448101],[-70.670523,-33.448703],[-70.67318,-33.449404],[-70.663757,-33.446999],[-70.667566,-33.447951],[-70.65985,-33.439624],[-70.660117,-33.441673],[-70.66083,-33.44399],[-70.660474,-33.446128],[-70.633742,-33.437097],[-70.62742,-33.434018],[-70.629575,-33.435321],[-70.633534,-33.436975],[-70.621957,-33.429757],[-70.624112,-33.431311],[-70.626518,-33.433165],[-70.616293,-33.427151],[-70.6192,-33.428304],[-70.610579,-33.422891],[-70.612484,-33.423592],[-70.614288,-33.425447],[-70.609813,-33.421841],[-70.6106,-33.422289],[-70.611208,-33.422557],[-70.611602,-33.422945],[-70.611745,-33.423364],[-70.611745,-33.423782],[-70.611745,-33.42414],[-70.611745,-33.424498],[-70.611714,-33.424728],[-70.611714,-33.424905],[-70.611692,-33.425083],[-70.611673,-33.425237],[-70.611633,-33.425483],[-70.611461,-33.426126],[-70.609465,-33.431425],[-70.607371,-33.438374],[-70.6,-33.435]],"time":2840}
