{"shape":[[-70.69,-33.46],[-70.692476,-33.454066],[-70.695784,-33.455018],[-70.699693,-33.45602],[-70.701147,-33.456271],[-70.705958,-33.457173],[-70.711021,-33.458426],[-70.715782,-33.457975],[-70.72,-33.46]],"time":851}
