{"shape":[[-70.633069,-33.354898],[-70.646911,-33.380389],[-70.643142,-33.385882],[-70.64255,-33.387546],[-70.642325,-33.388847],[-70.642475,-33.390952],[-70.642588,-33.392907],[-70.642738,-33.396816],[-70.642926,-33.401741],[-70.643227,-33.405688],[-70.643377,-33.409409],[-70.643603,-33.41407],[-70.643791,-33.417228],[-70.643812,-33.418507],[-70.644435,-33.420823],[-70.64497,-33.422427],[-70.645415,-33.424209],[-70.646128,-33.426259],[-70.647108,-33.429644],[-70.64791,-33.43205],[-70.64996,-33.432941],[-70.652633,-33.432674],[-70.656732,-33.431516],[-70.659583,-33.431516],[-70.660652,-33.432852],[-70.660296,-33.435347],[-70.65985,-33.438109],[-70.65985,-33.439624],[-70.660117,-33.441673],[-70.66083,-33.44399],[-70.660474,-33.446128],[-70.663757,-33.446999],[-70.667566,-33.447951],[-70.665,-33.45254]],"time":1656}