{"shape":[[-70.633069,-33.354898],[-70.646911,-33.380389],[-70.643142,-33.385882],[-70.64255,-33.387546],[-70.642325,-33.388847],[-70.642475,-33.390952],[-70.642588,-33.392907],[-70.642738,-33.396816],[-70.642926,-33.401741],[-70.643227,-33.405688],[-70.643377,-33.409409],[-70.643603,-33.41407],[-70.643791,-33.417228],[-70.643812,-33.418507],[-70.644435,-33.420823],[-70.64497,-33.422427],[-70.645415,-33.424209],[-70.646128,-33.426259],[-70.647108,-33.429644],[-70.64791,-33.43205],[-70.64996,-33.432941],[-70.652633,-33.432674],[-70.652803,-33.436198],[-70.653208,-33.433813],[-70.653254,-33.433367],[-70.653265,-33.433052],[-70.644518,-33.436596],[-70.685316,-33.438751],[-70.680404,-33.440355],[-70.696092,-33.428194]],"time":1983}