{"shape":[[-70.633069,-33.354898],[-70.64629170914775,-33.381705542655084],[-70.6459544174049,-33.382578584232164],[-70.64561712566206,-33.38345162580924],[-70.6452798339192,-33.38432466738633],[-70.64494254217635,-33.38519770896342],[-70.6446052504335,-33.3860707505405],[-70.64426795869065,-33.38694379211758],[-70.6439306669478,-33.387816833694664],[-70.64359337520494,-33.38868987527175],[-70.6432560834621,-33.38956291684883],[-70.64291879171925,-33.39043595842591],[-70.6425814999764,-33.391309000003],[-70.642650416647,-33.392215666669166],[-70.6427193333176,-33.393122333335334],[-70.6427882499882,-33.394029000001495],[-70.6428571666588,-33.394935666667664],[-70.6429260833294,-33.39584233333383],[-70.642995,-33.396749],[-70.64305222222222,-33.39773433333333],[-70.64310944444445,-33.398719666666665],[-70.64316666666667,-33.399705],[-70.6432238888889,-33.40069033333333],[-70.64328111111111,-33.40167566666667],[-70.64333833333333,-33.402661],[-70.64339555555556,-33.403646333333334],[-70.64345277777778,-33.40463166666667],[-70.641571,-33.409126]],"time":917}