{"shape":[[-70.66303,-33.410872],[-70.662715,-33.410873],[-70.66271,-33.410743],[-70.662674,-33.410271],[-70.662648,-33.409937],[-70.662612,-33.409471],[-70.662606,-33.409387],[-70.662532,-33.408721],[-70.662528,-33.408689],[-70.662442,-33.40802],[-70.662435,-33.407972],[-70.662319,-33.407072],[-70.66231,-33.407002],[-70.661543,-33.407069],[-70.661494,-33.407062],[-70.661448,-33.407051],[-70.661402,-33.407036],[-70.661349,-33.407011],[-70.661322,-33.406996],[-70.661298,-33.406979],[-70.66127,-33.406952],[-70.661248,-33.406922],[-70.661272,-33.406885],[-70.661296,-33.406843],[-70.661321,-33.406795],[-70.661347,-33.406745],[-70.661386,-33.406656],[-70.661421,-33.406569],[-70.661463,-33.406467],[-70.661512,-33.406332],[-70.661526,-33.406292],[-70.661495,-33.406249],[-70.661475,-33.406228],[-70.661453,-33.406209],[-70.661429,-33.406191],[-70.661403,-33.406175],[-70.661375,-33.40616],[-70.661306,-33.406142],[-70.66128,-33.406137],[-70.661118,-33.406102],[-70.660942,-33.406065],[-70.660837,-33.406042],[-70.660098,-33.405888],[-70.659963,-33.40586],[-70.65949,-33.405762],[-70.657225,-33.405323],[-70.657181,-33.405319],[-70.657136,-33.405318],[-70.657087,-33.405323],[-70.657036,-33.405331],[-70.656965,-33.405349],[-70.654404,-33.406092],[-70.654167,-33.406157],[-70.653928,-33.406216],[-70.653702,-33.406266],[-70.65348,-33.406311],[-70.653041,-33.406398],[-70.651571,-33.406709],[-70.651345,-33.406756],[-70.65073,-33.406887],[-70.650024,-33.407032],[-70.648321,-33.407384],[-70.648234,-33.407402],[-70.647377,-33.407579],[-70.646937,-33.407671],[-70.64579,-33.407911],[-70.645101,-33.408059],[-70.643302,-33.408428],[-70.643304,-33.408487],[-70.643322,-33.408869],[-70.64323,-33.408873],[-70.643184,-33.408875],[-70.642859,-33.408889],[-70.642718,-33.408896],[-70.642623,-33.408906],[-70.642528,-33.408922],[-70.642457,-33.408936],[-70.642373,-33.408954],[-70.641765,-33.409084],[-70.641571,-33.409126]],"time":1856.507}