{"shape":[[-70.664,-33.415],[-70.653265,-33.433052],[-70.653265,-33.432723],[-70.653219,-33.431639],[-70.653233,-33.430996],[-70.653333,-33.430115],[-70.653547,-33.429209],[-70.653776,-33.428411],[-70.655686,-33.421121],[-70.656373,-33.417663],[-70.656732,-33.431516],[-70.659583,-33.431516],[-70.660652,-33.432852],[-70.660296,-33.435347],[-70.65985,-33.438109],[-70.65985,-33.439624],[-70.660117,-33.441673],[-70.66083,-33.44399],[-70.660474,-33.446128],[-70.663757,-33.446999],[-70.667566,-33.447951],[-70.668669,-33.448101],[-70.670523,-33.448703],[-70.67318,-33.449404],[-70.674433,-33.449655],[-70.676588,-33.450257],[-70.679144,-33.450908],[-70.680698,-33.45156],[-70.682552,-33.452011],[-70.686161,-33.452913],[-70.687965,-33.453264],[-70.692476,-33.454066],[-70.69,-33.46]],"time":1536}
