{"shape":[[-70.664,-33.415],[-70.653265,-33.433052],[-70.653265,-33.432723],[-70.653219,-33.431639],[-70.653233,-33.430996],[-70.653333,-33.430115],[-70.653547,-33.429209],[-70.653776,-33.428411],[-70.655686,-33.421121],[-70.656373,-33.417663],[-70.652803,-33.436198],[-70.653208,-33.433813],[-70.653254,-33.433367],[-70.653265,-33.433052],[-70.644518,-33.436596],[-70.685316,-33.438751],[-70.680404,-33.440355],[-70.697996,-33.439052],[-70.690879,-33.43825],[-70.707318,-33.441458],[-70.72,-33.44]],"time":2089}
