{"shape":[[-70.664,-33.415],[-70.653265,-33.433052],[-70.653265,-33.432723],[-70.653219,-33.431639],[-70.653233,-33.430996],[-70.653333,-33.430115],[-70.653547,-33.429209],[-70.653776,-33.428411],[-70.655686,-33.421121],[-70.656373,-33.417663],[-70.656732,-33.431516],[-70.659583,-33.431516],[-70.660652,-33.432852],[-70.660296,-33.435347],[-70.65985,-33.438109],[-70.633742,-33.437097],[-70.62742,-33.434018],[-70.629575,-33.435321],[-70.633534,-33.436975],[-70.621957,-33.429757],[-70.624112,-33.431311],[-70.626518,-33.433165],[-70.616293,-33.427151],[-70.6192,-33.428304],[-70.610579,-33.422891],[-70.612484,-33.423592],[-70.614288,-33.425447],[-70.609813,-33.421841],[-70.6106,-33.422289],[-70.611208,-33.422557],[-70.611602,-33.422945],[-70.611745,-33.423364],[-70.611745,-33.423782],[-70.611745,-33.42414],[-70.611745,-33.424498],[-70.611714,-33.424728],[-70.611714,-33.424905],[-70.611692,-33.425083],[-70.611673,-33.425237],[-70.611633,-33.425483],[-70.611461,-33.426126],[-70.609465,-33.431425],[-70.607371,-33.438374],[-70.6,-33.435]],"time":2340}
