{"shape":[[-70.964325,-33.75198]],"time":0}