{"shape":[[-70.623873,-33.532319],[-70.623885,-33.532204],[-70.623887,-33.532193],[-70.623894,-33.532116],[-70.625307,-33.532217],[-70.626026,-33.532269],[-70.62612,-33.532276],[-70.626217,-33.532283],[-70.627155,-33.53235],[-70.627363,-33.532365],[-70.62795,-33.532407],[-70.628542,-33.532449],[-70.62935,-33.532507],[-70.629586,-33.532524],[-70.629647,-33.532528],[-70.629725,-33.532534],[-70.629797,-33.532539],[-70.629855,-33.532543],[-70.63014,-33.532564],[-70.631003,-33.532627],[-70.631207,-33.532642],[-70.631991,-33.5327],[-70.6322,-33.532715],[-70.633401,-33.532804],[-70.633874,-33.532839],[-70.634317,-33.532871],[-70.634485,-33.532881],[-70.634529,-33.532869],[-70.634568,-33.532865],[-70.634632,-33.532861],[-70.634653,-33.532862],[-70.634729,-33.532866],[-70.634843,-33.532875],[-70.634829,-33.532988],[-70.634809,-33.533167],[-70.634877,-33.533245],[-70.634887,-33.533263],[-70.634893,-33.533285],[-70.634893,-33.53332],[-70.634872,-33.533471],[-70.634835,-33.53377],[-70.6348,-33.534061],[-70.634798,-33.534081],[-70.634792,-33.534154],[-70.634737,-33.534835],[-70.634767,-33.534835],[-70.637041,-33.53479],[-70.637146,-33.534788],[-70.637151,-33.534957],[-70.637165,-33.535355],[-70.637167,-33.535392],[-70.637169,-33.535443],[-70.637236,-33.535442],[-70.637495,-33.535437],[-70.637579,-33.535435],[-70.637663,-33.53543],[-70.637744,-33.535422],[-70.637827,-33.535407],[-70.638416,-33.5353],[-70.639037,-33.535183],[-70.639159,-33.535676],[-70.639348,-33.536481],[-70.63956,-33.537376],[-70.639566,-33.5374],[-70.639584,-33.537479],[-70.639606,-33.537573],[-70.639613,-33.537603],[-70.639821,-33.538483],[-70.640039,-33.539409],[-70.641157,-33.539245],[-70.641356,-33.539216],[-70.641623,-33.539176],[-70.641982,-33.539122],[-70.642035,-33.539117],[-70.642086,-33.539115],[-70.642486,-33.539126],[-70.642595,-33.539129],[-70.642694,-33.539115],[-70.642774,-33.539103]],"time":555.302}