{"shape":[[-70.58,-33.52],[-70.596134,-33.519471],[-70.596758,-33.526154],[-70.598373,-33.522644],[-70.596703,-33.526387],[-70.602584,-33.516095],[-70.60118,-33.517833],[-70.59971,-33.519704],[-70.61067,-33.509613],[-70.606593,-33.512888],[-70.614479,-33.505269],[-70.612674,-33.507809],[-70.617018,-33.493842],[-70.616016,-33.498252],[-70.61762,-33.49157],[-70.629,-33.49]],"time":1692}
