{"shape":[[-70.623873,-33.532319],[-70.605471,-33.531055],[-70.610817,-33.539609],[-70.612866,-33.540767],[-70.616074,-33.541124],[-70.598075,-33.522501],[-70.600124,-33.523927],[-70.602085,-33.525709],[-70.605471,-33.531055],[-70.596758,-33.526154],[-70.598373,-33.522644],[-70.596703,-33.526387],[-70.602584,-33.516095],[-70.60118,-33.517833],[-70.59971,-33.519704],[-70.61067,-33.509613],[-70.606593,-33.512888],[-70.614479,-33.505269],[-70.612674,-33.507809],[-70.617018,-33.493842],[-70.616016,-33.498252],[-70.61762,-33.49157],[-70.621696,-33.479674],[-70.620694,-33.483484],[-70.619624,-33.485555],[-70.618555,-33.487092],[-70.623567,-33.472591],[-70.622298,-33.477469],[-70.62751,-33.458691],[-70.625171,-33.467111],[-70.642682,-33.458237],[-70.643938,-33.45852],[-70.646111,-33.458775],[-70.647809,-33.458464],[-70.64893,-33.458011],[-70.649473,-33.457331],[-70.650491,-33.451381],[-70.651549,-33.444081],[-70.652665,-33.437115],[-70.644518,-33.436596],[-70.685316,-33.438751],[-70.680404,-33.440355],[-70.697996,-33.439052],[-70.690879,-33.43825],[-70.707318,-33.441458],[-70.71203,-33.442661],[-70.726615,-33.444465],[-70.723357,-33.444214],[-70.739496,-33.447121],[-70.739596,-33.44647],[-70.740649,-33.445718],[-70.740799,-33.444715],[-70.738995,-33.452634],[-70.73729,-33.470628],[-70.73729,-33.467921],[-70.737942,-33.462759],[-70.73699,-33.47168],[-70.747916,-33.485614],[-70.745109,-33.481855],[-70.757038,-33.493683],[-70.754682,-33.491929],[-70.752878,-33.489974],[-71.202565,-33.498892]],"time":6240}