{"shape":[[-70.521633,-33.523878],[-70.587046,-33.500047],[-70.588917,-33.503967],[-70.589541,-33.50869],[-70.58063,-33.4898],[-70.584105,-33.495324],[-70.587046,-33.500047],[-70.578937,-33.481335],[-70.579472,-33.484186],[-70.580274,-33.487929],[-70.577512,-33.47492],[-70.57867,-33.479731],[-70.57475,-33.464762],[-70.576175,-33.468771],[-70.571274,-33.455406],[-70.572255,-33.458792],[-70.573858,-33.462445],[-70.574006,-33.453863],[-70.576101,-33.454192],[-70.580987,-33.454618],[-70.582595,-33.454798],[-70.584828,-33.455259],[-70.587517,-33.4556],[-70.591767,-33.455379],[-70.595056,-33.455199],[-70.59748,-33.454949],[-70.595409,-33.455145]],"time":2536}