{"shape":[[-70.521633,-33.523878],[-70.5905828326892,-33.51025125007361],[-70.59109466608108,-33.51112150006692],[-70.59160649947297,-33.511991750060226],[-70.59211833286487,-33.51286200005354],[-70.59263016625675,-33.51373225004684],[-70.59314199964865,-33.514602500040155],[-70.59365383304055,-33.51547275003346],[-70.59416566643243,-33.516343000026765],[-70.59467749982433,-33.51721325002008],[-70.59518933321623,-33.51808350001338],[-70.59570116660811,-33.518953750006695],[-70.596213,-33.519824],[-70.59630457151894,-33.52076175005072],[-70.59639614303786,-33.52169950010144],[-70.5964877145568,-33.52263725015216],[-70.59657928607572,-33.523575000202875],[-70.59667085759466,-33.52451275025359],[-70.59676242911358,-33.525450500304316],[-70.59685400063252,-33.52638825035503],[-70.59943785792596,-33.520632964752494],[-70.59900721504371,-33.521592179019585],[-70.59857657216148,-33.522551393286676],[-70.59814592927924,-33.52351060755376],[-70.597715286397,-33.52446982182085],[-70.59728464351475,-33.52542903608794],[-70.59685400063252,-33.52638825035503],[-70.6055036112009,-33.51381886116504],[-70.60479922240182,-33.514550722330085],[-70.60409483360273,-33.515282583495136],[-70.60339044480364,-33.51601444466018],[-70.60268605600456,-33.51674630582522],[-70.60198166720546,-33.517478166990266],[-70.60127727840637,-33.518210028155316],[-70.60057288960729,-33.51894188932036],[-70.5998685008082,-33.5196737504854],[-70.61146742857142,-33.508773],[-70.61059085714285,-33.509492],[-70.60971428571428,-33.510211],[-70.60883771428571,-33.51093],[-70.60796114285714,-33.511649],[-70.60708457142857,-33.512368],[-70.606208,-33.513087],[-70.61541975009342,-33.49975510012798],[-70.61507800008305,-33.500677200113756],[-70.61473625007265,-33.50159930009954],[-70.61439450006228,-33.50252140008532],[-70.6140527500519,-33.5034435000711],[-70.61371100004152,-33.50436560005688],[-70.61336925003114,-33.50528770004266],[-70.61302750002075,-33.506209800028444],[-70.61268575001037,-33.50713190001422],[-70.612344,-33.508054],[-70.61724392858626,-33.49290842859174],[-70.61699685717251,-33.49389585718348],[-70.61674978575877,-33.494883285775224],[-70.61650271434503,-33.49587071436697],[-70.61625564293129,-33.496858142958715],[-70.61600857151754,-33.49784557155046],[-70.626147,-33.494377]],"time":2089}