{"shape":[[-70.663322,-33.534761],[-70.66165172603488,-33.52736298844297],[-70.66191145215817,-33.52829597654763],[-70.66217117828144,-33.52922896465229],[-70.66243090440472,-33.530161952756956],[-70.662690630528,-33.53109494086162],[-70.66295035665128,-33.532027928966286],[-70.66321008277455,-33.53296091707095],[-70.66346980889784,-33.53389390517562],[-70.66372953502112,-33.53482689328028],[-70.6639892611444,-33.53575988138494],[-70.66424898726768,-33.536692869489606],[-70.66450871339096,-33.53762585759427],[-70.65910689999106,-33.51820355021977],[-70.65936079998224,-33.51911760023294],[-70.6596146999734,-33.52003165024611],[-70.65986859996458,-33.52094570025928],[-70.66012249995575,-33.521859750272455],[-70.66037639994691,-33.52277380028562],[-70.66063029993809,-33.52368785029879],[-70.66088419992926,-33.524601900311964],[-70.66113809992044,-33.52551595032513],[-70.6613919999116,-33.5264300003383],[-70.65693674987547,-33.51057256270266],[-70.65721049989325,-33.511532125203225],[-70.65748424991102,-33.512491687703786],[-70.6577579999288,-33.513451250204355],[-70.65803174994657,-33.51441081270492],[-70.65830549996434,-33.51537037520548],[-70.65857924998213,-33.51632993770604],[-70.6588529999999,-33.5172895002066],[-70.65489593764602,-33.503392187681804],[-70.65514837510483,-33.504280875184705],[-70.65540081256364,-33.505169562687605],[-70.65565325002245,-33.506058250190506],[-70.65590568748127,-33.5069469376934],[-70.65615812494008,-33.5078356251963],[-70.65641056239889,-33.5087243126992],[-70.6566629998577,-33.5096130002021],[-70.65327100020004,-33.49778558345315],[-70.65354550019747,-33.498729166798306],[-70.65382000019491,-33.49967275014345],[-70.65409450019234,-33.5006163334886],[-70.65436900018977,-33.501559916833756],[-70.648878,-33.500456]],"time":1860}