{"shape":[[-70.61,-33.51],[-70.616016,-33.498252],[-70.614479,-33.505269],[-70.612674,-33.507809],[-70.617018,-33.493842],[-70.616016,-33.498252],[-70.61762,-33.49157],[-70.621696,-33.479674],[-70.620694,-33.483484],[-70.619624,-33.485555],[-70.618555,-33.487092],[-70.623567,-33.472591],[-70.622298,-33.477469],[-70.62751,-33.458691],[-70.625171,-33.467111],[-70.642682,-33.458237],[-70.643938,-33.45852],[-70.646111,-33.458775],[-70.647809,-33.458464],[-70.64893,-33.458011],[-70.649473,-33.457331],[-70.650491,-33.451381],[-70.651549,-33.444081],[-70.652665,-33.437115],[-70.644518,-33.436596],[-70.685316,-33.438751],[-70.680404,-33.440355],[-70.697996,-33.439052],[-70.690879,-33.43825],[-70.707318,-33.441458],[-70.72,-33.44]],"time":3452}
