{"shape":[[-70.61,-33.51],[-70.612674,-33.507809],[-70.61067,-33.509613],[-70.606593,-33.512888],[-70.602584,-33.516095],[-70.60118,-33.517833],[-70.59971,-33.519704],[-70.598373,-33.522644],[-70.596703,-33.526387],[-70.596758,-33.526154],[-70.598075,-33.522501],[-70.600124,-33.523927],[-70.602085,-33.525709],[-70.605471,-33.531055],[-70.610817,-33.539609],[-70.612866,-33.540767],[-70.616074,-33.541124],[-70.619994,-33.541926],[-70.629083,-33.543084],[-70.634162,-33.542549],[-70.636835,-33.542193],[-70.643696,-33.541213],[-70.654744,-33.539431],[-70.664368,-33.537381],[-70.69,-33.53]],"time":1769}
