{"shape":[[-70.58,-33.52],[-70.596134,-33.519471],[-70.596758,-33.526154],[-70.598373,-33.522644],[-70.596703,-33.526387],[-70.602584,-33.516095],[-70.60118,-33.517833],[-70.59971,-33.519704],[-70.61067,-33.509613],[-70.606593,-33.512888],[-70.614479,-33.505269],[-70.612674,-33.507809],[-70.617018,-33.493842],[-70.616016,-33.498252],[-70.61762,-33.49157],[-70.621696,-33.479674],[-70.620694,-33.483484],[-70.619624,-33.485555],[-70.618555,-33.487092],[-70.623567,-33.472591],[-70.622298,-33.477469],[-70.62751,-33.458691],[-70.625171,-33.467111],[-70.642682,-33.458237],[-70.643938,-33.45852],[-70.646111,-33.458775],[-70.647809,-33.458464],[-70.64893,-33.458011],[-70.649473,-33.457331],[-70.650491,-33.451381],[-70.651549,-33.444081],[-70.652665,-33.437115],[-70.652803,-33.436198],[-70.653208,-33.433813],[-70.653254,-33.433367],[-70.653265,-33.433052],[-70.653265,-33.432723],[-70.653219,-33.431639],[-70.653233,-33.430996],[-70.653333,-33.430115],[-70.653547,-33.429209],[-70.653776,-33.428411],[-70.655686,-33.421121],[-70.656373,-33.417663],[-70.664,-33.415]],"time":3340}
