{"shape":[[-70.623873,-33.532319],[-70.616074,-33.541124],[-70.619994,-33.541926],[-70.629083,-33.543084],[-70.634162,-33.542549],[-70.636835,-33.542193],[-70.643696,-33.541213],[-70.654744,-33.539431],[-70.664368,-33.537381],[-70.663322,-33.534761]],"time":1113}