{"shape":[[-70.636534,-33.585986]],"time":0}