{"shape":[[-70.636534,-33.585986],[-70.673483861,-33.571108516],[-70.67388091,-33.572597496],[-70.6743788799999,-33.5745611999999],[-70.675130281,-33.5771843329999],[-70.676247723,-33.5810323709999],[-70.6769585709999,-33.583604448],[-70.667954735,-33.551382406],[-70.6685212419999,-33.553498792],[-70.6696837819999,-33.557589516],[-70.6705584979999,-33.560622892],[-70.671006543,-33.562163283],[-70.672085038,-33.566094521],[-70.673127015,-33.569873092],[-70.673483861,-33.571108516],[-70.665579608,-33.54224493],[-70.667238958,-33.548607746],[-70.654744,-33.539431],[-70.664368,-33.537381],[-70.636835,-33.542193],[-70.643696,-33.541213],[-70.619994,-33.541926],[-70.629083,-33.543084],[-70.634162,-33.542549],[-70.610817,-33.539609],[-70.612866,-33.540767],[-70.616074,-33.541124],[-70.598075,-33.522501],[-70.600124,-33.523927],[-70.602085,-33.525709],[-70.605471,-33.531055],[-70.596758,-33.526154],[-70.598373,-33.522644],[-70.596703,-33.526387],[-70.602584,-33.516095],[-70.60118,-33.517833],[-70.59971,-33.519704],[-70.61067,-33.509613],[-70.606593,-33.512888],[-70.614479,-33.505269],[-70.612674,-33.507809],[-70.617018,-33.493842],[-70.616016,-33.498252],[-70.626147,-33.494377]],"time":4690}