{"shape":[[-70.61,-33.51],[-70.616016,-33.498252],[-70.614479,-33.505269],[-70.612674,-33.507809],[-70.617018,-33.493842],[-70.616016,-33.498252],[-70.61762,-33.49157],[-70.629,-33.49]],"time":1048}
