{"shape":[[-70.668,-33.534],[-70.643696,-33.541213],[-70.654744,-33.539431],[-70.664368,-33.537381],[-70.636835,-33.542193],[-70.643696,-33.541213],[-70.619994,-33.541926],[-70.629083,-33.543084],[-70.634162,-33.542549],[-70.610817,-33.539609],[-70.612866,-33.540767],[-70.616074,-33.541124],[-70.598075,-33.522501],[-70.600124,-33.523927],[-70.602085,-33.525709],[-70.605471,-33.531055],[-70.58,-33.52]],"time":2322}
