{"shape":[[-70.521633,-33.523878],[-70.589541,-33.50869],[-70.590164,-33.510828],[-70.591055,-33.513501],[-70.593907,-33.516798],[-70.596134,-33.519471],[-70.596758,-33.526154],[-70.592748,-33.535777],[-70.587669,-33.546915],[-70.587313,-33.548429],[-70.587135,-33.549944],[-70.5866,-33.55333],[-70.586155,-33.556181],[-70.585264,-33.560637],[-70.584996,-33.562686],[-70.583571,-33.569369],[-70.582412,-33.576497],[-70.581878,-33.579081],[-70.579828,-33.589239],[-70.579026,-33.592981],[-70.577155,-33.602069],[-70.547707,-33.593105]],"time":1813}