{"shape":[[-70.663322,-33.534761],[-70.663468,-33.534735],[-70.663525,-33.534725],[-70.663594,-33.534712],[-70.663719,-33.535188],[-70.663729,-33.535224],[-70.663779,-33.535423],[-70.663817,-33.535579],[-70.663847,-33.5357],[-70.663869,-33.535792],[-70.663913,-33.536011],[-70.663959,-33.536227],[-70.664075,-33.53674],[-70.664111,-33.536904],[-70.66415,-33.537082],[-70.664166,-33.537153],[-70.664177,-33.537199],[-70.664183,-33.53722],[-70.664271,-33.537576],[-70.66429,-33.537648],[-70.664303,-33.537698],[-70.66431,-33.537727],[-70.664362,-33.537937],[-70.664482,-33.538401],[-70.664607,-33.538876],[-70.664622,-33.538944],[-70.664635,-33.538992],[-70.664738,-33.539382],[-70.664788,-33.539606],[-70.66484,-33.53984],[-70.664876,-33.540008],[-70.664906,-33.540129],[-70.664927,-33.540205],[-70.664937,-33.540241],[-70.665326,-33.541674],[-70.665366,-33.541811],[-70.665401,-33.541915],[-70.665441,-33.542017],[-70.665484,-33.542114],[-70.66553,-33.542209],[-70.665586,-33.542316],[-70.665646,-33.542421],[-70.665717,-33.542546],[-70.665739,-33.542614],[-70.665791,-33.542817],[-70.665869,-33.543123],[-70.665898,-33.543238],[-70.66595,-33.543442],[-70.665996,-33.543627],[-70.666069,-33.543912],[-70.666377,-33.545061],[-70.6664,-33.545146],[-70.666634,-33.546002],[-70.666704,-33.546238],[-70.666736,-33.546346],[-70.666728,-33.546373],[-70.666714,-33.54646],[-70.666774,-33.546783],[-70.666801,-33.546855],[-70.666875,-33.547015],[-70.666885,-33.547049],[-70.666898,-33.547096],[-70.667022,-33.547528],[-70.667042,-33.547597],[-70.667062,-33.54768],[-70.667275,-33.548469],[-70.667364,-33.548798],[-70.66747,-33.549212],[-70.667648,-33.549908],[-70.66766,-33.549957],[-70.667846,-33.550675],[-70.667857,-33.550733],[-70.667858,-33.550741],[-70.667917,-33.550823],[-70.667949,-33.550917],[-70.668045,-33.551284],[-70.668248,-33.552039],[-70.668445,-33.552807],[-70.66866,-33.553563],[-70.668841,-33.554197],[-70.669018,-33.554781],[-70.669057,-33.554909],[-70.669137,-33.555197],[-70.669593,-33.556827],[-70.669827,-33.557638],[-70.670224,-33.557555],[-70.671753,-33.557237],[-70.672005,-33.558027],[-70.672823,-33.557862]],"time":2120.989}