{"shape":[[-70.663322,-33.534761],[-70.662236,-33.534952],[-70.661888,-33.535013],[-70.660081,-33.535308],[-70.657569,-33.535711],[-70.657537,-33.535716],[-70.657448,-33.53573],[-70.657568,-33.536162],[-70.657609,-33.536264],[-70.656261,-33.536517],[-70.656204,-33.536528],[-70.655643,-33.536644],[-70.655212,-33.536733],[-70.655099,-33.536756],[-70.655018,-33.536773],[-70.654994,-33.536777],[-70.6541,-33.536962],[-70.654007,-33.536981],[-70.653127,-33.537162],[-70.65306,-33.537176],[-70.652327,-33.537327],[-70.652264,-33.53734],[-70.652201,-33.537353],[-70.651467,-33.537505],[-70.651404,-33.537518],[-70.651338,-33.537531],[-70.650639,-33.537675],[-70.650555,-33.537691],[-70.649703,-33.537868],[-70.648844,-33.538037],[-70.648066,-33.538199],[-70.647985,-33.538216],[-70.647854,-33.538242],[-70.647532,-33.538305],[-70.647196,-33.538371],[-70.647117,-33.538386],[-70.647055,-33.538399],[-70.646859,-33.538439],[-70.646521,-33.538509],[-70.646321,-33.538551],[-70.646245,-33.538566],[-70.646185,-33.538579],[-70.645494,-33.538722],[-70.645391,-33.53873],[-70.645303,-33.538737],[-70.644557,-33.538845],[-70.64422,-33.538894],[-70.643903,-33.53894],[-70.643254,-33.539034],[-70.642774,-33.539103]],"time":1452.378}