{"shape":[[-70.58,-33.52],[-70.596134,-33.519471],[-70.596758,-33.526154],[-70.598373,-33.522644],[-70.596703,-33.526387],[-70.602584,-33.516095],[-70.60118,-33.517833],[-70.59971,-33.519704],[-70.61067,-33.509613],[-70.606593,-33.512888],[-70.61,-33.51]],"time":1207}
