{"shape":[[-70.534464,-33.447065],[-70.55792,-33.452065],[-70.570734,-33.45349],[-70.571274,-33.455406],[-70.572255,-33.458792],[-70.573858,-33.462445],[-70.57475,-33.464762],[-70.576175,-33.468771],[-70.577512,-33.47492],[-70.57867,-33.479731],[-70.578937,-33.481335],[-70.579472,-33.484186],[-70.580274,-33.487929],[-70.596313,-33.487053]],"time":1178}