{"shape":[[-70.896316,-33.267113]],"time":0}