{"shape":[[-70.896316,-33.267113],[-70.7215772119999,-33.366504603],[-70.722062208,-33.3664370019999],[-70.722800515,-33.366404987],[-70.723549955,-33.366370401],[-70.723896087,-33.366325011],[-70.7243539739999,-33.366223616],[-70.725495672,-33.3659629969999],[-70.726782336,-33.3656698309999],[-70.727342898,-33.36554154],[-70.727543891,-33.365510163],[-70.7277349409999,-33.365504062],[-70.727902381,-33.365523206],[-70.7281350769999,-33.36556898],[-70.72852026,-33.3656386609999],[-70.728909831,-33.365696702],[-70.729209162,-33.3657260209999],[-70.729428829,-33.365736348],[-70.720573,-33.358891]],"time":684}