{"shape":[[-70.503235,-33.426194],[-70.545172,-33.407905],[-70.550184,-33.408306],[-70.553292,-33.408406],[-70.556149,-33.407855],[-70.558905,-33.407554],[-70.561662,-33.407454],[-70.56522,-33.408306],[-70.568729,-33.409208],[-70.570333,-33.409609],[-70.574543,-33.410912],[-70.578703,-33.412115],[-70.581058,-33.412867],[-70.583264,-33.413769],[-70.584366,-33.41432],[-70.586371,-33.414771],[-70.589479,-33.415323],[-70.591584,-33.415874],[-70.595694,-33.416576],[-70.598651,-33.417327],[-70.601407,-33.418179],[-70.605818,-33.419884],[-70.608574,-33.422139],[-70.609813,-33.421841],[-70.6106,-33.422289],[-70.611208,-33.422557],[-70.611602,-33.422945],[-70.611745,-33.423364],[-70.611745,-33.423782],[-70.611745,-33.42414],[-70.611745,-33.424498],[-70.611714,-33.424728],[-70.611714,-33.424905],[-70.611692,-33.425083],[-70.611673,-33.425237],[-70.611633,-33.425483],[-70.611461,-33.426126],[-70.609465,-33.431425],[-70.607371,-33.438374],[-70.605326,-33.4504],[-70.604975,-33.454175],[-70.604975,-33.454175],[-70.606124,-33.4623],[-70.606423,-33.463715],[-70.606783,-33.464529],[-70.607694,-33.465251],[-70.608764,-33.465668],[-70.609857,-33.465801],[-70.611311,-33.465754],[-70.613356,-33.465712],[-70.615351,-33.465629],[-70.619142,-33.466087],[-70.621935,-33.466503],[-70.623731,-33.466877],[-70.624548,-33.467057],[-70.626195,-33.467345],[-70.623567,-33.472591],[-70.622298,-33.477469],[-70.621696,-33.479674],[-70.620694,-33.483484],[-70.619624,-33.485555],[-70.618555,-33.487092],[-70.61762,-33.49157],[-70.617018,-33.493842],[-70.616016,-33.498252],[-70.614479,-33.505269],[-70.612674,-33.507809],[-70.61067,-33.509613],[-70.606593,-33.512888],[-70.602584,-33.516095],[-70.60118,-33.517833],[-70.59971,-33.519704],[-70.598373,-33.522644],[-70.596703,-33.526387],[-70.592748,-33.535777],[-70.587669,-33.546915],[-70.587313,-33.548429],[-70.587135,-33.549944],[-70.5866,-33.55333],[-70.586155,-33.556181],[-70.585264,-33.560637],[-70.584996,-33.562686],[-70.583571,-33.569369],[-70.582412,-33.576497],[-70.581878,-33.579081],[-70.579828,-33.589239],[-70.579026,-33.592981],[-70.577155,-33.602069],[-70.57671,-33.605188],[-70.575997,-33.609465],[-70.091871,-33.682849]],"time":3965}