{"shape":[[-70.503235,-33.426194],[-70.545172,-33.407905],[-70.550184,-33.408306],[-70.553292,-33.408406],[-70.556149,-33.407855],[-70.558905,-33.407554],[-70.561662,-33.407454],[-70.56522,-33.408306],[-70.568729,-33.409208],[-70.57406,-33.375897]],"time":851}