{"shape":[[-70.722756,-33.446205],[-70.73985431211761,-33.444710281418],[-70.73873212460514,-33.44472056266619],[-70.73760993709266,-33.44473084391439],[-70.73648774958018,-33.44474112516259],[-70.7353655620677,-33.44475140641078],[-70.73424337455522,-33.44476168765898],[-70.73312118704274,-33.444771968907176],[-70.73199899953028,-33.44478225015537],[-70.7308768120178,-33.444792531403564],[-70.72975462450532,-33.44480281265176],[-70.72863243699284,-33.44481309389996],[-70.72751024948036,-33.444823375148154],[-70.72638806196788,-33.44483365639635],[-70.7252658744554,-33.44484393764455],[-70.72414368694292,-33.44485421889274],[-70.853151,-33.422703]],"time":787}