{"shape":[[-70.72,-33.46],[-70.715782,-33.457975],[-70.721646,-33.456221],[-70.722448,-33.454567],[-70.722749,-33.45156],[-70.72315,-33.448402],[-70.7233,-33.444192],[-70.726615,-33.444465],[-70.723357,-33.444214],[-70.76,-33.44]],"time":886}
