{"shape":[[-70.686111,-33.516338],[-70.65887,-33.517143],[-70.65985,-33.520975],[-70.661543,-33.526499],[-70.662434,-33.530153],[-70.664305,-33.537459],[-70.654744,-33.539431],[-70.664368,-33.537381],[-70.642774,-33.539103]],"time":1067}