{"shape":[[-70.686111,-33.516338],[-70.65887,-33.517143],[-70.65985,-33.520975],[-70.661543,-33.526499],[-70.662434,-33.530153],[-70.664305,-33.537459],[-70.654744,-33.539431],[-70.664368,-33.537381],[-70.636835,-33.542193],[-70.643696,-33.541213],[-70.619994,-33.541926],[-70.629083,-33.543084],[-70.634162,-33.542549],[-70.623873,-33.532319]],"time":1829}