{"shape":[[-70.722756,-33.446205],[-70.740799,-33.444715],[-70.726615,-33.444465],[-70.723357,-33.444214],[-71.081427,-33.370696]],"time":782}