{"shape":[[-70.686111,-33.516338],[-70.686092,-33.516251],[-70.686076,-33.51618],[-70.686043,-33.516039],[-70.685817,-33.515051],[-70.6856,-33.514098],[-70.685548,-33.51387],[-70.685534,-33.513811],[-70.685453,-33.513472],[-70.685297,-33.512762],[-70.685223,-33.512428],[-70.685152,-33.512129],[-70.685027,-33.511593],[-70.68496,-33.511302],[-70.684914,-33.511129],[-70.68486,-33.510956],[-70.684812,-33.510821],[-70.68476,-33.510687],[-70.684577,-33.510243],[-70.684417,-33.509819],[-70.684279,-33.509454],[-70.684217,-33.50929],[-70.68419,-33.509216],[-70.684166,-33.509142],[-70.684152,-33.509085],[-70.684131,-33.509006],[-70.684101,-33.508872],[-70.684063,-33.508718],[-70.684015,-33.508553],[-70.683964,-33.508418],[-70.683896,-33.508294],[-70.683741,-33.507993],[-70.68349,-33.507501],[-70.683421,-33.507366],[-70.683094,-33.506733],[-70.682916,-33.506359],[-70.682901,-33.506327],[-70.682869,-33.506261],[-70.682842,-33.50621],[-70.682813,-33.506154],[-70.682776,-33.506085],[-70.682271,-33.505097],[-70.682128,-33.504825],[-70.681892,-33.504355],[-70.681841,-33.504253],[-70.681746,-33.504074],[-70.681571,-33.503745],[-70.681503,-33.503615],[-70.681236,-33.503089],[-70.681134,-33.502891],[-70.681049,-33.502725],[-70.681033,-33.502694],[-70.681002,-33.502633],[-70.68096,-33.502549],[-70.680885,-33.502403],[-70.680835,-33.502311],[-70.680631,-33.501926],[-70.680294,-33.501286],[-70.68024,-33.501181],[-70.680172,-33.501048],[-70.680044,-33.500797],[-70.679697,-33.500118],[-70.679612,-33.499958],[-70.679401,-33.499547],[-70.679107,-33.498966],[-70.678985,-33.498742],[-70.678763,-33.498309],[-70.678591,-33.497983],[-70.678571,-33.497946],[-70.678542,-33.49789],[-70.678513,-33.497833],[-70.67847,-33.497749],[-70.678424,-33.49766],[-70.67841,-33.497632],[-70.678365,-33.497545],[-70.678345,-33.497511],[-70.678328,-33.497481],[-70.678292,-33.497419],[-70.678228,-33.497308],[-70.678071,-33.497052],[-70.677992,-33.496926],[-70.677984,-33.496913],[-70.677886,-33.496746],[-70.677758,-33.496528],[-70.677651,-33.496333],[-70.677459,-33.495976],[-70.676984,-33.495066],[-70.676865,-33.494823],[-70.676763,-33.494615],[-70.676652,-33.494385],[-70.676633,-33.494345],[-70.67659,-33.494255],[-70.676551,-33.494173],[-70.67651,-33.494093],[-70.676485,-33.494038],[-70.676447,-33.493962],[-70.676533,-33.49389],[-70.676825,-33.493666],[-70.677155,-33.493419],[-70.677502,-33.493152],[-70.676981,-33.49213],[-70.676964,-33.492061],[-70.67664,-33.492318],[-70.676544,-33.492125]],"time":242.244}