{"shape":[[-70.358186,-33.300766],[-70.545172,-33.407905],[-70.550184,-33.408306],[-70.553292,-33.408406],[-70.556149,-33.407855],[-70.558905,-33.407554],[-70.561662,-33.407454],[-70.56522,-33.408306],[-70.568729,-33.409208],[-70.570333,-33.409609],[-70.574543,-33.410912],[-70.578703,-33.412115],[-70.581058,-33.412867],[-70.583264,-33.413769],[-70.584366,-33.41432],[-70.586371,-33.414771],[-70.589479,-33.415323],[-70.591584,-33.415874],[-70.595694,-33.416576],[-70.598651,-33.417327],[-70.601407,-33.418179],[-70.605818,-33.419884],[-70.608574,-33.422139],[-70.610579,-33.422891],[-70.612484,-33.423592],[-70.614288,-33.425447],[-70.616293,-33.427151],[-70.6192,-33.428304],[-70.621957,-33.429757],[-70.624112,-33.431311],[-70.626518,-33.433165],[-70.62742,-33.434018],[-70.629575,-33.435321],[-70.633534,-33.436975],[-70.633742,-33.437097],[-70.656732,-33.431516],[-70.659583,-33.431516],[-70.660652,-33.432852],[-70.660296,-33.435347],[-70.65985,-33.438109],[-70.652803,-33.436198],[-70.653208,-33.433813],[-70.653254,-33.433367],[-70.653265,-33.433052],[-70.644518,-33.436596],[-70.685316,-33.438751],[-70.680404,-33.440355],[-70.697996,-33.439052],[-70.690879,-33.43825],[-70.707318,-33.441458],[-70.71203,-33.442661],[-70.726615,-33.444465],[-70.723357,-33.444214],[-70.739496,-33.447121],[-70.739596,-33.44647],[-70.740649,-33.445718],[-70.740799,-33.444715],[-70.738995,-33.452634],[-70.73729,-33.470628],[-70.73729,-33.467921],[-70.737942,-33.462759],[-70.73699,-33.47168],[-70.747916,-33.485614],[-70.745109,-33.481855],[-70.757038,-33.493683],[-70.754682,-33.491929],[-70.752878,-33.489974],[-70.757339,-33.504008],[-70.757639,-33.49654],[-70.826722,-33.509014]],"time":4911}