{"shape":[[-70.7,-33.52],[-70.65887,-33.517143],[-70.65985,-33.520975],[-70.661543,-33.526499],[-70.657444,-33.512421],[-70.65887,-33.517143],[-70.655662,-33.505917],[-70.656999,-33.510104],[-70.653702,-33.499323],[-70.654771,-33.502441],[-70.65192,-33.492997],[-70.653167,-33.497274],[-70.651029,-33.488809],[-70.648267,-33.479988],[-70.649514,-33.482661],[-70.648423,-33.476718],[-70.626884,-33.46752],[-70.62744,-33.46808],[-70.62747,-33.468761],[-70.627318,-33.469521],[-70.627014,-33.470408],[-70.627267,-33.471126],[-70.628178,-33.471717],[-70.629565,-33.472281],[-70.630255,-33.472728],[-70.631047,-33.473156],[-70.632238,-33.473667],[-70.633978,-33.474204],[-70.640292,-33.476344],[-70.623567,-33.472591],[-70.622298,-33.477469],[-70.621696,-33.479674],[-70.620694,-33.483484],[-70.619624,-33.485555],[-70.618555,-33.487092],[-70.629,-33.49]],"time":2674}
