{"shape":[[-70.722756,-33.446205],[-70.740799,-33.444715],[-70.726615,-33.444465],[-70.723357,-33.444214],[-70.739496,-33.447121],[-70.739596,-33.44647],[-70.740649,-33.445718],[-70.740799,-33.444715],[-70.738995,-33.452634],[-70.73729,-33.470628],[-70.73729,-33.467921],[-70.737942,-33.462759],[-70.73699,-33.47168],[-70.747916,-33.485614],[-70.745109,-33.481855],[-70.757038,-33.493683],[-70.754682,-33.491929],[-70.752878,-33.489974],[-70.757339,-33.504008],[-70.757639,-33.49654],[-70.826722,-33.509014]],"time":2323}