{"shape":[[-70.7,-33.52],[-70.661543,-33.526499],[-70.662434,-33.530153],[-70.664305,-33.537459],[-70.668,-33.534]],"time":740}
