{"shape":[[-70.7,-33.52],[-70.65887,-33.517143],[-70.65985,-33.520975],[-70.661543,-33.526499],[-70.657444,-33.512421],[-70.65887,-33.517143],[-70.655662,-33.505917],[-70.656999,-33.510104],[-70.653702,-33.499323],[-70.654771,-33.502441],[-70.65192,-33.492997],[-70.653167,-33.497274],[-70.651029,-33.488809],[-70.648267,-33.479988],[-70.649514,-33.482661],[-70.656108,-33.471434],[-70.654593,-33.47375],[-70.652811,-33.474909],[-70.649603,-33.476156],[-70.656553,-33.46386],[-70.656464,-33.469919],[-70.658157,-33.454237],[-70.657177,-33.455841],[-70.656732,-33.457623],[-70.65691,-33.460385],[-70.660207,-33.447732],[-70.659583,-33.450138],[-70.658603,-33.4529],[-70.656289,-33.445245],[-70.660299,-33.446097],[-70.654836,-33.444844],[-70.652665,-33.437115],[-70.644518,-33.436596],[-70.685316,-33.438751],[-70.680404,-33.440355],[-70.697996,-33.439052],[-70.690879,-33.43825],[-70.707318,-33.441458],[-70.71203,-33.442661],[-70.726615,-33.444465],[-70.723357,-33.444214],[-70.739496,-33.447121],[-70.739596,-33.44647],[-70.740649,-33.445718],[-70.740799,-33.444715],[-70.738995,-33.452634],[-70.73729,-33.470628],[-70.73729,-33.467921],[-70.737942,-33.462759],[-70.73699,-33.47168],[-70.747916,-33.485614],[-70.745109,-33.481855],[-70.757038,-33.493683],[-70.754682,-33.491929],[-70.752878,-33.489974],[-70.757339,-33.504008],[-70.757639,-33.49654],[-70.8,-33.55]],"time":5861}
