{"shape":[[-70.72,-33.46],[-70.705958,-33.457173],[-70.711021,-33.458426],[-70.715782,-33.457975],[-70.701147,-33.456271],[-70.705958,-33.457173],[-70.695784,-33.455018],[-70.699693,-33.45602],[-70.687965,-33.453264],[-70.692476,-33.454066],[-70.680698,-33.45156],[-70.682552,-33.452011],[-70.686161,-33.452913],[-70.674433,-33.449655],[-70.676588,-33.450257],[-70.679144,-33.450908],[-70.668669,-33.448101],[-70.670523,-33.448703],[-70.67318,-33.449404],[-70.663757,-33.446999],[-70.667566,-33.447951],[-70.65985,-33.439624],[-70.660117,-33.441673],[-70.66083,-33.44399],[-70.660474,-33.446128],[-70.633742,-33.437097],[-70.62742,-33.434018],[-70.629575,-33.435321],[-70.633534,-33.436975],[-70.621957,-33.429757],[-70.624112,-33.431311],[-70.626518,-33.433165],[-70.616293,-33.427151],[-70.6192,-33.428304],[-70.610579,-33.422891],[-70.612484,-33.423592],[-70.614288,-33.425447],[-70.605818,-33.419884],[-70.608574,-33.422139],[-70.598651,-33.417327],[-70.601407,-33.418179],[-70.591584,-33.415874],[-70.595694,-33.416576],[-70.584366,-33.41432],[-70.586371,-33.414771],[-70.589479,-33.415323],[-70.570333,-33.409609],[-70.574543,-33.410912],[-70.578703,-33.412115],[-70.581058,-33.412867],[-70.583264,-33.413769],[-70.558905,-33.407554],[-70.561662,-33.407454],[-70.56522,-33.408306],[-70.568729,-33.409208],[-70.550184,-33.408306],[-70.553292,-33.408406],[-70.556149,-33.407855],[-70.51,-33.36]],"time":4740}
