{"shape":[[-70.596313,-33.487053],[-70.58074192560377,-33.48913342662368],[-70.58123634851846,-33.489991349444765],[-70.58173077143313,-33.49084927226585],[-70.58222519434781,-33.49170719508694],[-70.58271961726248,-33.49256511790802],[-70.58321404017717,-33.493423040729105],[-70.58370846309184,-33.49428096355019],[-70.58420288600652,-33.49513888637127],[-70.58469730892119,-33.495996809192356],[-70.58519173183588,-33.496854732013446],[-70.58568615475055,-33.49771265483453],[-70.58618057766523,-33.49857057765561],[-70.5866750005799,-33.4994285004767],[-70.58698372773603,-33.50033327316793],[-70.58729245489215,-33.50123804585917],[-70.58760118204829,-33.50214281855041],[-70.58790990920441,-33.503047591241646],[-70.58821863636054,-33.50395236393288],[-70.58852736351666,-33.50485713662412],[-70.58883609067279,-33.50576190931535],[-70.58914481782891,-33.50666668200659],[-70.58945354498505,-33.50757145469783],[-70.58976227214117,-33.50847622738907],[-70.521633,-33.523878]],"time":884}