{"shape":[[-70.596313,-33.487053],[-70.57867,-33.479731],[-70.578937,-33.481335],[-70.579472,-33.484186],[-70.580274,-33.487929],[-70.577512,-33.47492],[-70.57867,-33.479731],[-70.57475,-33.464762],[-70.576175,-33.468771],[-70.571274,-33.455406],[-70.572255,-33.458792],[-70.573858,-33.462445],[-70.574006,-33.453863],[-70.576101,-33.454192],[-70.580987,-33.454618],[-70.582595,-33.454798],[-70.584828,-33.455259],[-70.587517,-33.4556],[-70.591767,-33.455379],[-70.595056,-33.455199],[-70.59748,-33.454949],[-70.605029,-33.454166],[-70.613835,-33.453164],[-70.61502,-33.453021],[-70.616332,-33.452995],[-70.618064,-33.453137],[-70.620169,-33.45342],[-70.62258,-33.453987],[-70.625887,-33.454418],[-70.628437,-33.45492],[-70.642682,-33.458237],[-70.643938,-33.45852],[-70.646111,-33.458775],[-70.647809,-33.458464],[-70.64893,-33.458011],[-70.649473,-33.457331],[-70.650491,-33.451381],[-70.651549,-33.444081],[-70.654836,-33.444844],[-70.656289,-33.445245],[-70.660299,-33.446097],[-70.663757,-33.446999],[-70.667566,-33.447951],[-70.668669,-33.448101],[-70.670523,-33.448703],[-70.67318,-33.449404],[-70.674433,-33.449655],[-70.676588,-33.450257],[-70.679144,-33.450908],[-70.680698,-33.45156],[-70.682552,-33.452011],[-70.686161,-33.452913],[-70.687965,-33.453264],[-70.692476,-33.454066],[-70.695784,-33.455018],[-70.699693,-33.45602],[-70.697497,-33.465049]],"time":3048}