{"shape":[[-70.596313,-33.487053],[-70.57867,-33.479731],[-70.578937,-33.481335],[-70.579472,-33.484186],[-70.580274,-33.487929],[-70.577512,-33.47492],[-70.57867,-33.479731],[-70.57475,-33.464762],[-70.576175,-33.468771],[-70.571274,-33.455406],[-70.572255,-33.458792],[-70.573858,-33.462445],[-70.574006,-33.453863],[-70.576101,-33.454192],[-70.580987,-33.454618],[-70.582595,-33.454798],[-70.584828,-33.455259],[-70.587517,-33.4556],[-70.591767,-33.455379],[-70.595056,-33.455199],[-70.59748,-33.454949],[-70.605029,-33.454166],[-70.613835,-33.453164],[-70.61502,-33.453021],[-70.616332,-33.452995],[-70.618064,-33.453137],[-70.620169,-33.45342],[-70.62258,-33.453987],[-70.625887,-33.454418],[-70.628437,-33.45492],[-70.642682,-33.458237],[-70.643938,-33.45852],[-70.646111,-33.458775],[-70.647809,-33.458464],[-70.64893,-33.458011],[-70.649473,-33.457331],[-70.650491,-33.451381],[-70.651549,-33.444081],[-70.652665,-33.437115],[-70.652803,-33.436198],[-70.653208,-33.433813],[-70.653254,-33.433367],[-70.653265,-33.433052],[-70.64791,-33.43205],[-70.64996,-33.432941],[-70.652633,-33.432674],[-70.645415,-33.424209],[-70.646128,-33.426259],[-70.647108,-33.429644],[-70.643791,-33.417228],[-70.643812,-33.418507],[-70.644435,-33.420823],[-70.64497,-33.422427],[-70.643377,-33.409409],[-70.643603,-33.41407],[-70.641571,-33.409126]],"time":3419}