{"shape":[[-70.77,-33.51],[-70.757288,-33.510473],[-70.757339,-33.504008],[-70.757639,-33.49654],[-70.757038,-33.493683],[-70.754682,-33.491929],[-70.752878,-33.489974],[-70.747916,-33.485614],[-70.745109,-33.481855],[-70.73699,-33.47168],[-70.73729,-33.470628],[-70.73729,-33.467921],[-70.737942,-33.462759],[-70.738995,-33.452634],[-70.739496,-33.447121],[-70.739596,-33.44647],[-70.740649,-33.445718],[-70.740799,-33.444715],[-70.726615,-33.444465],[-70.723357,-33.444214],[-70.71203,-33.442661],[-70.707318,-33.441458],[-70.697996,-33.439052],[-70.690879,-33.43825],[-70.685316,-33.438751],[-70.680404,-33.440355],[-70.644518,-33.436596],[-70.652665,-33.437115],[-70.651549,-33.444081],[-70.643938,-33.45852],[-70.646111,-33.458775],[-70.647809,-33.458464],[-70.64893,-33.458011],[-70.649473,-33.457331],[-70.650491,-33.451381],[-70.642682,-33.458237],[-70.62751,-33.458691],[-70.625171,-33.467111],[-70.623567,-33.472591],[-70.622298,-33.477469],[-70.621696,-33.479674],[-70.620694,-33.483484],[-70.619624,-33.485555],[-70.618555,-33.487092],[-70.629,-33.49]],"time":3679}
