{"shape":[[-70.826722,-33.509014]],"time":0}