{"shape":[[-71.202565,-33.498892],[-70.757288,-33.510473],[-70.757339,-33.504008],[-70.757639,-33.49654],[-71.190074,-33.737426]],"time":774}