{"shape":[[-71.202565,-33.498892],[-70.757288,-33.510473],[-70.757339,-33.504008],[-70.757639,-33.49654],[-70.905401,-33.60878]],"time":774}