{"shape":[[-71.190074,-33.737426]],"time":0}