{"shape":[[-70.872366,-33.554736]],"time":0}