{"shape":[[-70.753348,-33.862619],[-70.67389846158747,-33.57178807692742],[-70.67413692317494,-33.572696153854835],[-70.67437538476241,-33.57360423078225],[-70.67461384634987,-33.57451230770966],[-70.67485230793734,-33.57542038463708],[-70.67509076952481,-33.57632846156449],[-70.67532923111229,-33.57723653849191],[-70.67556769269976,-33.578144615419326],[-70.67580615428723,-33.57905269234674],[-70.67604461587469,-33.57996076927415],[-70.67628307746216,-33.58086884620157],[-70.67652153904963,-33.581776923128984],[-70.6767600006371,-33.5826850000564],[-70.67058,-33.56126416666667],[-70.67086,-33.56213833333333],[-70.67114,-33.5630125],[-70.67142,-33.56388666666667],[-70.6717,-33.56476083333333],[-70.67197999999999,-33.565635],[-70.67226,-33.56650916666667],[-70.67254,-33.56738333333333],[-70.67282,-33.5682575],[-70.6731,-33.56913166666667],[-70.67338,-33.57000583333333],[-70.672823,-33.557862]],"time":1151}