{"shape":[[-70.753348,-33.862619]],"time":0}