{"shape":[[-70.54,-33.48],[-70.55792,-33.452065],[-70.570734,-33.45349],[-70.571274,-33.449614],[-70.57074,-33.453268],[-70.572878,-33.440437],[-70.572076,-33.445961],[-70.583482,-33.433309],[-70.581343,-33.434734],[-70.577779,-33.436427],[-70.573324,-33.438209],[-70.58464,-33.431437],[-70.596936,-33.421903],[-70.591144,-33.426091],[-70.598651,-33.417327],[-70.601407,-33.418179],[-70.591584,-33.415874],[-70.595694,-33.416576],[-70.584366,-33.41432],[-70.586371,-33.414771],[-70.589479,-33.415323],[-70.570333,-33.409609],[-70.574543,-33.410912],[-70.578703,-33.412115],[-70.581058,-33.412867],[-70.583264,-33.413769],[-70.558905,-33.407554],[-70.561662,-33.407454],[-70.56522,-33.408306],[-70.568729,-33.409208],[-70.550184,-33.408306],[-70.553292,-33.408406],[-70.556149,-33.407855],[-70.51,-33.36]],"time":3261}
