{"shape":[[-70.905401,-33.60878],[-70.757288,-33.510473],[-70.757339,-33.504008],[-70.757639,-33.49654],[-70.757038,-33.493683],[-70.754682,-33.491929],[-70.752878,-33.489974],[-70.747916,-33.485614],[-70.745109,-33.481855],[-70.73699,-33.47168],[-70.73729,-33.470628],[-70.73729,-33.467921],[-70.737942,-33.462759],[-70.738995,-33.452634],[-70.739496,-33.447121],[-70.739596,-33.44647],[-70.740649,-33.445718],[-70.740799,-33.444715],[-70.726615,-33.444465],[-70.723357,-33.444214],[-70.71203,-33.442661],[-70.707318,-33.441458],[-70.697996,-33.439052],[-70.690879,-33.43825],[-70.685316,-33.438751],[-70.680404,-33.440355],[-70.644518,-33.436596],[-70.652803,-33.436198],[-70.653208,-33.433813],[-70.653254,-33.433367],[-70.653265,-33.433052],[-70.656732,-33.431516],[-70.659583,-33.431516],[-70.660652,-33.432852],[-70.660296,-33.435347],[-70.65985,-33.438109],[-70.633742,-33.437097],[-70.62742,-33.434018],[-70.629575,-33.435321],[-70.633534,-33.436975],[-70.621957,-33.429757],[-70.624112,-33.431311],[-70.626518,-33.433165],[-70.616293,-33.427151],[-70.6192,-33.428304],[-70.609616,-33.430978]],"time":3609}