{"shape":[[-70.507956,-33.488065],[-70.55792,-33.452065],[-70.570734,-33.45349],[-70.574006,-33.453863],[-70.576101,-33.454192],[-70.580987,-33.454618],[-70.582595,-33.454798],[-70.584828,-33.455259],[-70.587517,-33.4556],[-70.591767,-33.455379],[-70.595056,-33.455199],[-70.59748,-33.454949],[-70.605029,-33.454166],[-70.613835,-33.453164],[-70.61502,-33.453021],[-70.616332,-33.452995],[-70.618064,-33.453137],[-70.620169,-33.45342],[-70.62258,-33.453987],[-70.625887,-33.454418],[-70.628437,-33.45492],[-70.642682,-33.458237],[-70.643938,-33.45852],[-70.646111,-33.458775],[-70.647809,-33.458464],[-70.64893,-33.458011],[-70.649473,-33.457331],[-70.650491,-33.451381],[-70.651549,-33.444081],[-70.654836,-33.444844],[-70.656289,-33.445245],[-70.660299,-33.446097],[-70.663757,-33.446999],[-70.667566,-33.447951],[-70.665,-33.45254]],"time":1917}