{"shape":[[-70.507956,-33.488065],[-70.55792,-33.452065],[-70.570734,-33.45349],[-70.571274,-33.455406],[-70.572255,-33.458792],[-70.573858,-33.462445],[-70.57475,-33.464762],[-70.576175,-33.468771],[-70.577512,-33.47492],[-70.57867,-33.479731],[-70.578937,-33.481335],[-70.579472,-33.484186],[-70.580274,-33.487929],[-70.58063,-33.4898],[-70.584105,-33.495324],[-70.587046,-33.500047],[-70.588917,-33.503967],[-70.589541,-33.50869],[-70.590164,-33.510828],[-70.591055,-33.513501],[-70.593907,-33.516798],[-70.596134,-33.519471],[-70.598075,-33.522501],[-70.600124,-33.523927],[-70.602085,-33.525709],[-70.605471,-33.531055],[-70.610817,-33.539609],[-70.612866,-33.540767],[-70.616074,-33.541124],[-70.623873,-33.532319]],"time":1969}