{"shape":[[-70.507956,-33.488065],[-70.55933648490857,-33.452405000085356],[-70.56049396981714,-33.45248900017071],[-70.5616514547257,-33.452573000256066],[-70.56280893963428,-33.452657000341425],[-70.56396642454285,-33.45274100042678],[-70.56512390945143,-33.452825000512135],[-70.56628139436,-33.45290900059749],[-70.56743887926858,-33.452993000682845],[-70.56859636417714,-33.453077000768204],[-70.56975384908571,-33.453161000853555],[-70.57091133399429,-33.453245000938914],[-70.572065667245,-33.45344137582155],[-70.57322000049572,-33.45363775070419],[-70.57437433374643,-33.45383412558682],[-70.57552866699714,-33.45403050046946],[-70.57668300024785,-33.45422687535209],[-70.57783733349856,-33.454423250234726],[-70.57899166674929,-33.45461962511737],[-70.580146,-33.454816],[-70.5812299375,-33.454840375],[-70.582313875,-33.45486475],[-70.5833978125,-33.454889125],[-70.58448175,-33.4549135],[-70.5855656875,-33.454937875],[-70.58664962499999,-33.45496225],[-70.58773356249999,-33.454986625],[-70.5888175,-33.455011],[-70.5899014375,-33.455035375],[-70.590985375,-33.45505975],[-70.5920693125,-33.455084125],[-70.59315325,-33.455108499999994],[-70.5942371875,-33.455132875],[-70.595321125,-33.45515725],[-70.5964050625,-33.455181624999994],[-70.595409,-33.455145]],"time":1013}