{"shape":[[-70.905401,-33.60878]],"time":0}