{"shape":[[-70.676544,-33.492125],[-70.66625,-33.478685],[-70.678325,-33.478369],[-70.679489,-33.478326],[-70.681869,-33.478242],[-70.651973,-33.476742],[-70.653137,-33.476869],[-70.654049,-33.477333],[-70.655061,-33.478262],[-70.656023,-33.478727],[-70.660023,-33.478854],[-70.66625,-33.478685],[-70.648423,-33.476718],[-70.626884,-33.46752],[-70.62744,-33.46808],[-70.62747,-33.468761],[-70.627318,-33.469521],[-70.627014,-33.470408],[-70.627267,-33.471126],[-70.628178,-33.471717],[-70.629565,-33.472281],[-70.630255,-33.472728],[-70.631047,-33.473156],[-70.632238,-33.473667],[-70.633978,-33.474204],[-70.640292,-33.476344],[-70.606423,-33.463715],[-70.606783,-33.464529],[-70.607694,-33.465251],[-70.608764,-33.465668],[-70.609857,-33.465801],[-70.611311,-33.465754],[-70.613356,-33.465712],[-70.615351,-33.465629],[-70.619142,-33.466087],[-70.621935,-33.466503],[-70.623731,-33.466877],[-70.624548,-33.467057],[-70.626195,-33.467345],[-70.606124,-33.4623],[-70.605326,-33.4504],[-70.604975,-33.454175],[-70.604975,-33.454175],[-70.609813,-33.421841],[-70.6106,-33.422289],[-70.611208,-33.422557],[-70.611602,-33.422945],[-70.611745,-33.423364],[-70.611745,-33.423782],[-70.611745,-33.42414],[-70.611745,-33.424498],[-70.611714,-33.424728],[-70.611714,-33.424905],[-70.611692,-33.425083],[-70.611673,-33.425237],[-70.611633,-33.425483],[-70.611461,-33.426126],[-70.609465,-33.431425],[-70.607371,-33.438374],[-70.610579,-33.422891],[-70.612484,-33.423592],[-70.614288,-33.425447],[-70.609616,-33.430978]],"time":3774}