{"shape":[[-70.676544,-33.492125],[-70.66625,-33.478685],[-70.678325,-33.478369],[-70.679489,-33.478326],[-70.681869,-33.478242],[-70.651973,-33.476742],[-70.653137,-33.476869],[-70.654049,-33.477333],[-70.655061,-33.478262],[-70.656023,-33.478727],[-70.660023,-33.478854],[-70.66625,-33.478685],[-70.648267,-33.479988],[-70.649514,-33.482661],[-70.651029,-33.488809],[-70.65192,-33.492997],[-70.653167,-33.497274],[-70.653702,-33.499323],[-70.654771,-33.502441],[-70.655662,-33.505917],[-70.656999,-33.510104],[-70.657444,-33.512421],[-70.65887,-33.517143],[-70.65985,-33.520975],[-70.661543,-33.526499],[-70.662434,-33.530153],[-70.664305,-33.537459],[-70.654744,-33.539431],[-70.664368,-33.537381],[-70.636835,-33.542193],[-70.643696,-33.541213],[-70.619994,-33.541926],[-70.629083,-33.543084],[-70.634162,-33.542549],[-70.623873,-33.532319]],"time":3129}