{"shape":[[-70.676544,-33.492125],[-70.66625,-33.478685],[-70.678325,-33.478369],[-70.679489,-33.478326],[-70.681869,-33.478242],[-70.651973,-33.476742],[-70.653137,-33.476869],[-70.654049,-33.477333],[-70.655061,-33.478262],[-70.656023,-33.478727],[-70.660023,-33.478854],[-70.66625,-33.478685],[-70.656108,-33.471434],[-70.654593,-33.47375],[-70.652811,-33.474909],[-70.649603,-33.476156],[-70.656553,-33.46386],[-70.656464,-33.469919],[-70.658157,-33.454237],[-70.657177,-33.455841],[-70.656732,-33.457623],[-70.65691,-33.460385],[-70.660207,-33.447732],[-70.659583,-33.450138],[-70.658603,-33.4529],[-70.65985,-33.439624],[-70.660117,-33.441673],[-70.66083,-33.44399],[-70.660474,-33.446128],[-70.656732,-33.431516],[-70.659583,-33.431516],[-70.660652,-33.432852],[-70.660296,-33.435347],[-70.65985,-33.438109],[-70.653265,-33.432723],[-70.653219,-33.431639],[-70.653233,-33.430996],[-70.653333,-33.430115],[-70.653547,-33.429209],[-70.653776,-33.428411],[-70.655686,-33.421121],[-70.656373,-33.417663],[-70.65678,-33.416561],[-70.657356,-33.415179],[-70.65846,-33.412875],[-70.6593,-33.411032],[-70.660428,-33.407947],[-70.661028,-33.406565],[-70.661606,-33.40569],[-70.662217,-33.405039],[-70.664015,-33.402942],[-70.666696,-33.400364],[-70.669546,-33.397985],[-70.671001,-33.396561],[-70.672231,-33.395154],[-70.674824,-33.391425],[-70.67665,-33.389138],[-70.679226,-33.385877],[-70.681846,-33.3828],[-70.682733,-33.381351],[-70.6835,-33.379498],[-70.684266,-33.377342],[-70.685239,-33.375676],[-70.685799,-33.374699],[-70.686053,-33.374047],[-70.686104,-33.373452],[-70.686104,-33.372942],[-70.686138,-33.372545],[-70.686104,-33.371752],[-70.686155,-33.371271],[-70.686227,-33.370964],[-70.68655,-33.369684],[-70.686832,-33.368471],[-70.687357,-33.367393],[-70.68776,-33.366887],[-70.688043,-33.366618],[-70.688688,-33.36618],[-70.689939,-33.365775],[-70.691109,-33.36554],[-70.589797,-33.100615]],"time":3825}