{"shape":[[-70.676544,-33.492125],[-70.66625,-33.478685],[-70.678325,-33.478369],[-70.679489,-33.478326],[-70.681869,-33.478242],[-70.651973,-33.476742],[-70.653137,-33.476869],[-70.654049,-33.477333],[-70.655061,-33.478262],[-70.656023,-33.478727],[-70.660023,-33.478854],[-70.66625,-33.478685],[-70.648423,-33.476718],[-70.626884,-33.46752],[-70.62744,-33.46808],[-70.62747,-33.468761],[-70.627318,-33.469521],[-70.627014,-33.470408],[-70.627267,-33.471126],[-70.628178,-33.471717],[-70.629565,-33.472281],[-70.630255,-33.472728],[-70.631047,-33.473156],[-70.632238,-33.473667],[-70.633978,-33.474204],[-70.640292,-33.476344],[-70.623567,-33.472591],[-70.622298,-33.477469],[-70.621696,-33.479674],[-70.620694,-33.483484],[-70.619624,-33.485555],[-70.618555,-33.487092],[-70.61762,-33.49157],[-70.617018,-33.493842],[-70.616016,-33.498252],[-70.614479,-33.505269],[-70.612674,-33.507809],[-70.61067,-33.509613],[-70.606593,-33.512888],[-70.602584,-33.516095],[-70.60118,-33.517833],[-70.59971,-33.519704],[-70.598373,-33.522644],[-70.596703,-33.526387],[-70.592748,-33.535777],[-70.587669,-33.546915],[-70.587313,-33.548429],[-70.587135,-33.549944],[-70.5866,-33.55333],[-70.586155,-33.556181],[-70.585264,-33.560637],[-70.584996,-33.562686],[-70.583571,-33.569369],[-70.582412,-33.576497],[-70.581878,-33.579081],[-70.579828,-33.589239],[-70.579026,-33.592981],[-70.577155,-33.602069],[-70.57671,-33.605188],[-70.575997,-33.609465],[-70.509808,-33.718457]],"time":3869}