{"shape":[[-70.676544,-33.492125],[-70.68194642857142,-33.47810428571429],[-70.68293085714285,-33.47851457142857],[-70.68391528571428,-33.47892485714286],[-70.6848997142857,-33.479335142857146],[-70.68588414285713,-33.47974542857143],[-70.68686857142856,-33.480155714285715],[-70.68785299999999,-33.480565999999996],[-70.68883742857143,-33.480976285714284],[-70.68982185714286,-33.48138657142857],[-70.69080628571429,-33.481796857142854],[-70.69179071428572,-33.48220714285714],[-70.69277514285714,-33.48261742857143],[-70.69375957142857,-33.48302771428571],[-70.711919,-33.494711]],"time":761}