{"shape":[[-70.67,-33.47],[-70.648423,-33.476718],[-70.651973,-33.476742],[-70.653137,-33.476869],[-70.654049,-33.477333],[-70.655061,-33.478262],[-70.656023,-33.478727],[-70.660023,-33.478854],[-70.66625,-33.478685],[-70.648267,-33.479988],[-70.649514,-33.482661],[-70.651029,-33.488809],[-70.65192,-33.492997],[-70.653167,-33.497274],[-70.653702,-33.499323],[-70.654771,-33.502441],[-70.655662,-33.505917],[-70.656999,-33.510104],[-70.657444,-33.512421],[-70.65887,-33.517143],[-70.65985,-33.520975],[-70.661543,-33.526499],[-70.7,-33.52]],"time":1582}
