{"shape":[[-70.509808,-33.718457],[-70.577155,-33.602069],[-70.57671,-33.605188],[-70.575997,-33.609465],[-70.579026,-33.592981],[-70.577155,-33.602069],[-70.581878,-33.579081],[-70.579828,-33.589239],[-70.582412,-33.576497],[-70.584996,-33.562686],[-70.583571,-33.569369],[-70.586155,-33.556181],[-70.585264,-33.560637],[-70.587313,-33.548429],[-70.587135,-33.549944],[-70.5866,-33.55333],[-70.587669,-33.546915],[-70.592748,-33.535777],[-70.596758,-33.526154],[-70.590164,-33.510828],[-70.591055,-33.513501],[-70.593907,-33.516798],[-70.596134,-33.519471],[-70.588917,-33.503967],[-70.589541,-33.50869],[-70.58063,-33.4898],[-70.584105,-33.495324],[-70.587046,-33.500047],[-70.578937,-33.481335],[-70.579472,-33.484186],[-70.580274,-33.487929],[-70.577512,-33.47492],[-70.57867,-33.479731],[-70.57475,-33.464762],[-70.576175,-33.468771],[-70.571274,-33.455406],[-70.572255,-33.458792],[-70.573858,-33.462445],[-70.571274,-33.449614],[-70.57074,-33.453268],[-70.572878,-33.440437],[-70.572076,-33.445961],[-70.583482,-33.433309],[-70.581343,-33.434734],[-70.577779,-33.436427],[-70.573324,-33.438209],[-70.58464,-33.431437],[-70.596936,-33.421903],[-70.591144,-33.426091],[-70.598651,-33.417327],[-70.601407,-33.418179],[-70.591584,-33.415874],[-70.595694,-33.416576],[-70.584366,-33.41432],[-70.586371,-33.414771],[-70.589479,-33.415323],[-70.570333,-33.409609],[-70.574543,-33.410912],[-70.578703,-33.412115],[-70.581058,-33.412867],[-70.583264,-33.413769],[-70.57406,-33.375897]],"time":6734}