{"shape":[[-70.609616,-33.430978],[-70.614288,-33.425447],[-70.616293,-33.427151],[-70.6192,-33.428304],[-70.621957,-33.429757],[-70.624112,-33.431311],[-70.626518,-33.433165],[-70.62742,-33.434018],[-70.629575,-33.435321],[-70.633534,-33.436975],[-70.633742,-33.437097],[-70.656732,-33.431516],[-70.659583,-33.431516],[-70.660652,-33.432852],[-70.660296,-33.435347],[-70.65985,-33.438109],[-70.64791,-33.43205],[-70.64996,-33.432941],[-70.652633,-33.432674],[-70.645415,-33.424209],[-70.646128,-33.426259],[-70.647108,-33.429644],[-70.643791,-33.417228],[-70.643812,-33.418507],[-70.644435,-33.420823],[-70.64497,-33.422427],[-70.643377,-33.409409],[-70.643603,-33.41407],[-70.642926,-33.401741],[-70.643227,-33.405688],[-70.642588,-33.392907],[-70.642738,-33.396816],[-70.643142,-33.385882],[-70.64255,-33.387546],[-70.642325,-33.388847],[-70.642475,-33.390952],[-70.633069,-33.354898]],"time":2679}