{"shape":[[-70.6,-33.435],[-70.607371,-33.438374],[-70.605326,-33.4504],[-70.604975,-33.454175],[-70.604975,-33.454175],[-70.606124,-33.4623],[-70.606423,-33.463715],[-70.606783,-33.464529],[-70.607694,-33.465251],[-70.608764,-33.465668],[-70.609857,-33.465801],[-70.611311,-33.465754],[-70.613356,-33.465712],[-70.615351,-33.465629],[-70.619142,-33.466087],[-70.621935,-33.466503],[-70.623731,-33.466877],[-70.624548,-33.467057],[-70.626195,-33.467345],[-70.623567,-33.472591],[-70.622298,-33.477469],[-70.621696,-33.479674],[-70.620694,-33.483484],[-70.619624,-33.485555],[-70.618555,-33.487092],[-70.629,-33.49]],"time":1401}
