{"shape":[[-70.6,-33.435],[-70.607371,-33.438374],[-70.605326,-33.4504],[-70.604975,-33.454175],[-70.604975,-33.454175],[-70.605029,-33.454166],[-70.582595,-33.454798],[-70.584828,-33.455259],[-70.587517,-33.4556],[-70.591767,-33.455379],[-70.595056,-33.455199],[-70.59748,-33.454949],[-70.574006,-33.453863],[-70.576101,-33.454192],[-70.580987,-33.454618],[-70.570734,-33.45349],[-70.54,-33.48]],"time":1618}
