{"shape":[[-70.609616,-33.430978],[-70.614288,-33.425447],[-70.616293,-33.427151],[-70.6192,-33.428304],[-70.621957,-33.429757],[-70.624112,-33.431311],[-70.626518,-33.433165],[-70.62742,-33.434018],[-70.629575,-33.435321],[-70.633534,-33.436975],[-70.633742,-33.437097],[-70.656732,-33.431516],[-70.659583,-33.431516],[-70.660652,-33.432852],[-70.660296,-33.435347],[-70.65985,-33.438109],[-70.653265,-33.432723],[-70.653219,-33.431639],[-70.653233,-33.430996],[-70.653333,-33.430115],[-70.653547,-33.429209],[-70.653776,-33.428411],[-70.655686,-33.421121],[-70.656373,-33.417663],[-70.65678,-33.416561],[-70.657356,-33.415179],[-70.65846,-33.412875],[-70.6593,-33.411032],[-70.660428,-33.407947],[-70.661028,-33.406565],[-70.661606,-33.40569],[-70.662217,-33.405039],[-70.664015,-33.402942],[-70.666696,-33.400364],[-70.669546,-33.397985],[-70.671001,-33.396561],[-70.672231,-33.395154],[-70.674824,-33.391425],[-70.67665,-33.389138],[-70.679226,-33.385877],[-70.673605,-33.386882]],"time":1976}