{"shape":[[-70.609616,-33.430978],[-70.608574,-33.422139],[-70.610579,-33.422891],[-70.612484,-33.423592],[-70.614288,-33.425447],[-70.609813,-33.421841],[-70.6106,-33.422289],[-70.611208,-33.422557],[-70.611602,-33.422945],[-70.611745,-33.423364],[-70.611745,-33.423782],[-70.611745,-33.42414],[-70.611745,-33.424498],[-70.611714,-33.424728],[-70.611714,-33.424905],[-70.611692,-33.425083],[-70.611673,-33.425237],[-70.611633,-33.425483],[-70.611461,-33.426126],[-70.609465,-33.431425],[-70.607371,-33.438374],[-70.605326,-33.4504],[-70.604975,-33.454175],[-70.604975,-33.454175],[-70.605029,-33.454166],[-70.582595,-33.454798],[-70.584828,-33.455259],[-70.587517,-33.4556],[-70.591767,-33.455379],[-70.595056,-33.455199],[-70.59748,-33.454949],[-70.574006,-33.453863],[-70.576101,-33.454192],[-70.580987,-33.454618],[-70.571274,-33.455406],[-70.572255,-33.458792],[-70.573858,-33.462445],[-70.57475,-33.464762],[-70.576175,-33.468771],[-70.577512,-33.47492],[-70.57867,-33.479731],[-70.578937,-33.481335],[-70.579472,-33.484186],[-70.580274,-33.487929],[-70.58063,-33.4898],[-70.584105,-33.495324],[-70.587046,-33.500047],[-70.588917,-33.503967],[-70.589541,-33.50869],[-70.590164,-33.510828],[-70.591055,-33.513501],[-70.593907,-33.516798],[-70.596134,-33.519471],[-70.598075,-33.522501],[-70.600124,-33.523927],[-70.602085,-33.525709],[-70.605471,-33.531055],[-70.610817,-33.539609],[-70.612866,-33.540767],[-70.616074,-33.541124],[-70.623873,-33.532319]],"time":3184}