{"shape":[[-70.6,-33.435],[-70.607371,-33.438374],[-70.605326,-33.4504],[-70.604975,-33.454175],[-70.604975,-33.454175],[-70.605029,-33.454166],[-70.59,-33.46]],"time":800}
