{"shape":[[-70.853151,-33.422703],[-70.740799,-33.444715],[-70.726615,-33.444465],[-70.723357,-33.444214],[-70.71203,-33.442661],[-70.707318,-33.441458],[-70.697996,-33.439052],[-70.690879,-33.43825],[-70.685316,-33.438751],[-70.680404,-33.440355],[-70.644518,-33.436596],[-70.652803,-33.436198],[-70.653208,-33.433813],[-70.653254,-33.433367],[-70.653265,-33.433052],[-70.656732,-33.431516],[-70.659583,-33.431516],[-70.660652,-33.432852],[-70.660296,-33.435347],[-70.65985,-33.438109],[-70.65985,-33.439624],[-70.660117,-33.441673],[-70.66083,-33.44399],[-70.660474,-33.446128],[-70.660207,-33.447732],[-70.659583,-33.450138],[-70.658603,-33.4529],[-70.658157,-33.454237],[-70.657177,-33.455841],[-70.656732,-33.457623],[-70.65691,-33.460385],[-70.656553,-33.46386],[-70.656464,-33.469919],[-70.656108,-33.471434],[-70.654593,-33.47375],[-70.652811,-33.474909],[-70.649603,-33.476156],[-70.648267,-33.479988],[-70.649514,-33.482661],[-70.651029,-33.488809],[-70.65192,-33.492997],[-70.653167,-33.497274],[-70.653702,-33.499323],[-70.654771,-33.502441],[-70.655662,-33.505917],[-70.656999,-33.510104],[-70.657444,-33.512421],[-70.65887,-33.517143],[-70.686111,-33.516338]],"time":2951}