{"shape":[[-70.853151,-33.422703],[-70.740799,-33.444715],[-70.726615,-33.444465],[-70.723357,-33.444214],[-70.722756,-33.446205]],"time":782}