{"shape":[[-70.76,-33.44],[-70.740799,-33.444715],[-70.726615,-33.444465],[-70.723357,-33.444214],[-70.71203,-33.442661],[-70.707318,-33.441458],[-70.7,-33.44]],"time":953}
