{"shape":[[-70.853151,-33.422703]],"time":0}