{"shape":[[-70.547707,-33.593105],[-70.577155,-33.602069],[-70.57671,-33.605188],[-70.575997,-33.609465],[-70.509808,-33.718457]],"time":693}