{"shape":[[-70.720573,-33.358891],[-70.705335718,-33.365485522],[-70.70660796,-33.3657555309999],[-70.7082168319999,-33.3659093329999],[-70.7097052559999,-33.365987407],[-70.711105049,-33.366207613],[-70.7126226509999,-33.366522225],[-70.71483764,-33.36705912],[-70.7163944059999,-33.3674225249999],[-70.716792759,-33.367441791],[-70.7172850809999,-33.3673826209999],[-70.719433516,-33.366943291],[-70.7215772119999,-33.366504603],[-70.69244,-33.365439],[-70.695989681,-33.365199713],[-70.7025857099999,-33.365267584],[-70.705335718,-33.365485522],[-70.686104,-33.372942],[-70.686138,-33.372545],[-70.686104,-33.371752],[-70.686155,-33.371271],[-70.686227,-33.370964],[-70.68655,-33.369684],[-70.686832,-33.368471],[-70.687357,-33.367393],[-70.68776,-33.366887],[-70.688043,-33.366618],[-70.688688,-33.36618],[-70.689939,-33.365775],[-70.691109,-33.36554],[-70.681846,-33.3828],[-70.682733,-33.381351],[-70.6835,-33.379498],[-70.684266,-33.377342],[-70.685239,-33.375676],[-70.685799,-33.374699],[-70.686053,-33.374047],[-70.686104,-33.373452],[-70.673605,-33.386882]],"time":1916}