{"shape":[[-70.696092,-33.428194],[-70.707318,-33.441458],[-70.697996,-33.439052],[-70.690879,-33.43825],[-70.707318,-33.441458],[-70.71203,-33.442661],[-70.726615,-33.444465],[-70.723357,-33.444214],[-71.081427,-33.370696]],"time":1193}