{"shape":[[-70.696092,-33.428194],[-70.690879,-33.43825],[-70.685316,-33.438751],[-70.680404,-33.440355],[-70.644518,-33.436596],[-70.652803,-33.436198],[-70.653208,-33.433813],[-70.653254,-33.433367],[-70.653265,-33.433052],[-70.656732,-33.431516],[-70.659583,-33.431516],[-70.660652,-33.432852],[-70.660296,-33.435347],[-70.65985,-33.438109],[-70.633742,-33.437097],[-70.62742,-33.434018],[-70.629575,-33.435321],[-70.633534,-33.436975],[-70.621957,-33.429757],[-70.624112,-33.431311],[-70.626518,-33.433165],[-70.616293,-33.427151],[-70.6192,-33.428304],[-70.609616,-33.430978]],"time":2177}