{"shape":[[-70.696092,-33.428194],[-70.690879,-33.43825],[-70.685316,-33.438751],[-70.680404,-33.440355],[-70.644518,-33.436596],[-70.652803,-33.436198],[-70.653208,-33.433813],[-70.653254,-33.433367],[-70.653265,-33.433052],[-70.656732,-33.431516],[-70.659583,-33.431516],[-70.660652,-33.432852],[-70.660296,-33.435347],[-70.65985,-33.438109],[-70.65985,-33.439624],[-70.660117,-33.441673],[-70.66083,-33.44399],[-70.660474,-33.446128],[-70.663757,-33.446999],[-70.667566,-33.447951],[-70.665,-33.45254]],"time":1554}