{"shape":[[-70.7,-33.44],[-70.71203,-33.442661],[-70.707318,-33.441458],[-70.71203,-33.442661],[-70.73,-33.42]],"time":703}
