{"shape":[[-70.7,-33.44],[-70.71203,-33.442661],[-70.707318,-33.441458],[-70.71203,-33.442661],[-70.72315,-33.448402],[-70.7233,-33.444192],[-70.721646,-33.456221],[-70.722448,-33.454567],[-70.722749,-33.45156],[-70.72,-33.46]],"time":1104}
