{"shape":[[-70.696092,-33.428194],[-70.70582064452358,-33.44093984451355],[-70.70475778896139,-33.44074918895549],[-70.70369493339918,-33.44055853339744],[-70.70263207783697,-33.440367877839385],[-70.70156922227476,-33.440177222281335],[-70.70050636671256,-33.439986566723285],[-70.69944351115035,-33.43979591116523],[-70.69838065558814,-33.43960525560718],[-70.69731780002593,-33.43941460004912],[-70.69625494446373,-33.43922394449107],[-70.69519208890152,-33.43903328893302],[-70.69412923333931,-33.43884263337496],[-70.6930663777771,-33.43865197781691],[-70.6920035222149,-33.43846132225885],[-70.6909406666527,-33.4382706667008],[-70.71575505556508,-33.442973611119065],[-70.71464611113018,-33.442743222238136],[-70.71353716669526,-33.4425128333572],[-70.71242822226036,-33.44228244447627],[-70.71131927782544,-33.44205205559533],[-70.71021033339053,-33.441821666714404],[-70.70910138895562,-33.44159127783347],[-70.70799244452071,-33.44136088895254],[-70.7068835000858,-33.4411305000716],[-70.72199524952538,-33.44458775011745],[-70.7209689996203,-33.44431100009396],[-70.71994274971522,-33.44403425007047],[-70.71891649981015,-33.44375750004698],[-70.71789024990508,-33.44348075002349],[-70.716864,-33.443204],[-70.73985431211761,-33.444710281418],[-70.73873212460514,-33.44472056266619],[-70.73760993709266,-33.44473084391439],[-70.73648774958018,-33.44474112516259],[-70.7353655620677,-33.44475140641078],[-70.73424337455522,-33.44476168765898],[-70.73312118704274,-33.444771968907176],[-70.73199899953028,-33.44478225015537],[-70.7308768120178,-33.444792531403564],[-70.72975462450532,-33.44480281265176],[-70.72863243699284,-33.44481309389996],[-70.72751024948036,-33.444823375148154],[-70.72638806196788,-33.44483365639635],[-70.7252658744554,-33.44484393764455],[-70.72414368694292,-33.44485421889274],[-70.751448,-33.421557]],"time":1768}