{"shape":[[-70.641571,-33.409126],[-70.642738,-33.396816],[-70.642926,-33.401741],[-70.643227,-33.405688],[-70.642588,-33.392907],[-70.642738,-33.396816],[-70.643142,-33.385882],[-70.64255,-33.387546],[-70.642325,-33.388847],[-70.642475,-33.390952],[-70.633069,-33.354898]],"time":1121}