{"shape":[[-70.641571,-33.409126],[-70.64354566666667,-33.40653388888889],[-70.64358133333334,-33.407450777777775],[-70.643617,-33.40836766666666],[-70.64365266666667,-33.40928455555555],[-70.64368833333334,-33.410201444444446],[-70.643724,-33.411118333333334],[-70.64375966666667,-33.41203522222222],[-70.64379533333334,-33.41295211111111],[-70.643831,-33.413869],[-70.6439869444042,-33.41485033333933],[-70.6441428888084,-33.41583166667866],[-70.6442988332126,-33.416813000017996],[-70.6444547776168,-33.41779433335733],[-70.644610722021,-33.41877566669667],[-70.6447666664252,-33.419757000036],[-70.6449226108294,-33.42073833337533],[-70.6450785552336,-33.421719666714665],[-70.6452344996378,-33.422701000054],[-70.64551328535022,-33.42367142868576],[-70.64579207106266,-33.42464185731751],[-70.64607085677508,-33.42561228594927],[-70.64634964248751,-33.42658271458103],[-70.64662842819993,-33.42755314321279],[-70.64690721391237,-33.42852357184454],[-70.6471859996248,-33.4294940004763],[-70.64819144417912,-33.4300691670926],[-70.64919688873344,-33.4306443337089],[-70.65020233328777,-33.4312195003252],[-70.65120777784209,-33.43179466694149],[-70.65221322239641,-33.432369833557786],[-70.65321866695074,-33.43294500017409],[-70.65338545124776,-33.43205582369326],[-70.65355223554477,-33.43116664721243],[-70.65371901984179,-33.4302774707316],[-70.6538858041388,-33.42938829425077],[-70.65405258843582,-33.428499117769945],[-70.65421937273283,-33.42760994128911],[-70.65438615702985,-33.42672076480829],[-70.65455294132686,-33.425831588327455],[-70.65471972562388,-33.42494241184663],[-70.65488650992089,-33.4240532353658],[-70.65505329421791,-33.42316405888497],[-70.65522007851492,-33.42227488240414],[-70.65538686281194,-33.42138570592331],[-70.65555364710895,-33.42049652944248],[-70.65572043140597,-33.419607352961656],[-70.65588721570298,-33.41871817648082],[-70.656054,-33.417829],[-70.65642453846154,-33.41695253846154],[-70.65679507692307,-33.416076076923076],[-70.65716561538461,-33.415199615384616],[-70.65753615384615,-33.414323153846155],[-70.65790669230769,-33.413446692307694],[-70.65827723076923,-33.412570230769234],[-70.65864776923077,-33.411693769230766],[-70.6590183076923,-33.410817307692305],[-70.65938884615385,-33.409940846153845],[-70.65975938461538,-33.409064384615384],[-70.66012992307692,-33.40818792307692],[-70.66050046153846,-33.40731146153846],[-70.66303,-33.410872]],"time":1321}