{"shape":[[-70.64,-33.42],[-70.64497,-33.422427],[-70.645415,-33.424209],[-70.646128,-33.426259],[-70.647108,-33.429644],[-70.64791,-33.43205],[-70.64996,-33.432941],[-70.652633,-33.432674],[-70.653265,-33.432723],[-70.653219,-33.431639],[-70.653233,-33.430996],[-70.653333,-33.430115],[-70.653547,-33.429209],[-70.653776,-33.428411],[-70.655686,-33.421121],[-70.656373,-33.417663],[-70.664,-33.415]],"time":975}
