{"shape":[[-70.641571,-33.409126],[-70.643227,-33.405688],[-70.643377,-33.409409],[-70.643603,-33.41407],[-70.643791,-33.417228],[-70.643812,-33.418507],[-70.644435,-33.420823],[-70.64497,-33.422427],[-70.645415,-33.424209],[-70.646128,-33.426259],[-70.647108,-33.429644],[-70.64791,-33.43205],[-70.64996,-33.432941],[-70.652633,-33.432674],[-70.656732,-33.431516],[-70.659583,-33.431516],[-70.660652,-33.432852],[-70.660296,-33.435347],[-70.65985,-33.438109],[-70.633742,-33.437097],[-70.632589,-33.43891],[-70.63172,-33.442786],[-70.631386,-33.443788],[-70.63045,-33.447063],[-70.629849,-33.449669],[-70.628847,-33.453679],[-70.61502,-33.453021],[-70.616332,-33.452995],[-70.618064,-33.453137],[-70.620169,-33.45342],[-70.62258,-33.453987],[-70.625887,-33.454418],[-70.628437,-33.45492],[-70.613835,-33.453164],[-70.605029,-33.454166],[-70.595409,-33.455145]],"time":2170}