{"shape":[[-70.64,-33.42],[-70.64497,-33.422427],[-70.645415,-33.424209],[-70.646128,-33.426259],[-70.647108,-33.429644],[-70.64791,-33.43205],[-70.64996,-33.432941],[-70.652633,-33.432674],[-70.656732,-33.431516],[-70.659583,-33.431516],[-70.660652,-33.432852],[-70.660296,-33.435347],[-70.65985,-33.438109],[-70.65985,-33.439624],[-70.660117,-33.441673],[-70.66083,-33.44399],[-70.660474,-33.446128],[-70.660207,-33.447732],[-70.659583,-33.450138],[-70.658603,-33.4529],[-70.658157,-33.454237],[-70.657177,-33.455841],[-70.656732,-33.457623],[-70.65691,-33.460385],[-70.656553,-33.46386],[-70.656464,-33.469919],[-70.656108,-33.471434],[-70.654593,-33.47375],[-70.652811,-33.474909],[-70.649603,-33.476156],[-70.648267,-33.479988],[-70.649514,-33.482661],[-70.651029,-33.488809],[-70.65192,-33.492997],[-70.653167,-33.497274],[-70.653702,-33.499323],[-70.654771,-33.502441],[-70.655662,-33.505917],[-70.656999,-33.510104],[-70.639,-33.51]],"time":1894}
