{"shape":[[-70.73,-33.42],[-70.723357,-33.444214],[-70.71203,-33.442661],[-70.707318,-33.441458],[-70.697996,-33.439052],[-70.690879,-33.43825],[-70.685316,-33.438751],[-70.680404,-33.440355],[-70.644518,-33.436596],[-70.652803,-33.436198],[-70.653208,-33.433813],[-70.653254,-33.433367],[-70.653265,-33.433052],[-70.656732,-33.431516],[-70.659583,-33.431516],[-70.660652,-33.432852],[-70.660296,-33.435347],[-70.65985,-33.438109],[-70.65985,-33.439624],[-70.660117,-33.441673],[-70.66083,-33.44399],[-70.660474,-33.446128],[-70.660207,-33.447732],[-70.659583,-33.450138],[-70.658603,-33.4529],[-70.66,-33.45]],"time":1911}
