{"shape":[[-70.720629,-33.401367],[-70.705335718,-33.365485522],[-70.70660796,-33.3657555309999],[-70.7082168319999,-33.3659093329999],[-70.7097052559999,-33.365987407],[-70.711105049,-33.366207613],[-70.7126226509999,-33.366522225],[-70.71483764,-33.36705912],[-70.7163944059999,-33.3674225249999],[-70.716792759,-33.367441791],[-70.7172850809999,-33.3673826209999],[-70.719433516,-33.366943291],[-70.7215772119999,-33.366504603],[-70.69244,-33.365439],[-70.695989681,-33.365199713],[-70.7025857099999,-33.365267584],[-70.705335718,-33.365485522],[-70.589797,-33.100615]],"time":1214}