{"shape":[[-70.73,-33.42],[-70.740799,-33.444715],[-70.726615,-33.444465],[-70.723357,-33.444214],[-70.76,-33.44]],"time":782}
