{"shape":[[-70.73,-33.42],[-70.722749,-33.45156],[-70.72315,-33.448402],[-70.7233,-33.444192],[-70.721646,-33.456221],[-70.722448,-33.454567],[-70.722749,-33.45156],[-70.711021,-33.458426],[-70.715782,-33.457975],[-70.701147,-33.456271],[-70.705958,-33.457173],[-70.695784,-33.455018],[-70.699693,-33.45602],[-70.69,-33.46]],"time":1461}
