{"shape":[[-70.73,-33.42],[-70.722749,-33.45156],[-70.72315,-33.448402],[-70.7233,-33.444192],[-70.721646,-33.456221],[-70.722448,-33.454567],[-70.722749,-33.45156],[-70.72,-33.46]],"time":904}
