{"shape":[[-70.639,-33.51],[-70.656999,-33.510104],[-70.657444,-33.512421],[-70.65887,-33.517143],[-70.65985,-33.520975],[-70.661543,-33.526499],[-70.7,-33.52]],"time":811}
