{"shape":[[-70.629,-33.49],[-70.622298,-33.477469],[-70.621696,-33.479674],[-70.620694,-33.483484],[-70.619624,-33.485555],[-70.618555,-33.487092],[-70.623567,-33.472591],[-70.622298,-33.477469],[-70.606423,-33.463715],[-70.606783,-33.464529],[-70.607694,-33.465251],[-70.608764,-33.465668],[-70.609857,-33.465801],[-70.611311,-33.465754],[-70.613356,-33.465712],[-70.615351,-33.465629],[-70.619142,-33.466087],[-70.621935,-33.466503],[-70.623731,-33.466877],[-70.624548,-33.467057],[-70.626195,-33.467345],[-70.606124,-33.4623],[-70.605029,-33.454166],[-70.582595,-33.454798],[-70.584828,-33.455259],[-70.587517,-33.4556],[-70.591767,-33.455379],[-70.595056,-33.455199],[-70.59748,-33.454949],[-70.574006,-33.453863],[-70.576101,-33.454192],[-70.580987,-33.454618],[-70.570734,-33.45349],[-70.53,-33.45]],"time":2577}
