{"shape":[[-70.091871,-33.682849]],"time":0}