{"shape":[[-70.648878,-33.500456],[-70.653167,-33.497274],[-70.653702,-33.499323],[-70.654771,-33.502441],[-70.655662,-33.505917],[-70.656999,-33.510104],[-70.657444,-33.512421],[-70.65887,-33.517143],[-70.686111,-33.516338]],"time":856}