{"shape":[[-70.626147,-33.494377],[-70.618555,-33.487092],[-70.61762,-33.49157],[-70.621696,-33.479674],[-70.620694,-33.483484],[-70.619624,-33.485555],[-70.618555,-33.487092],[-70.623567,-33.472591],[-70.622298,-33.477469],[-70.62751,-33.458691],[-70.625171,-33.467111],[-70.642682,-33.458237],[-70.643938,-33.45852],[-70.646111,-33.458775],[-70.647809,-33.458464],[-70.64893,-33.458011],[-70.649473,-33.457331],[-70.650491,-33.451381],[-70.651549,-33.444081],[-70.652665,-33.437115],[-70.652803,-33.436198],[-70.653208,-33.433813],[-70.653254,-33.433367],[-70.653265,-33.433052],[-70.64791,-33.43205],[-70.64996,-33.432941],[-70.652633,-33.432674],[-70.645415,-33.424209],[-70.646128,-33.426259],[-70.647108,-33.429644],[-70.643791,-33.417228],[-70.643812,-33.418507],[-70.644435,-33.420823],[-70.64497,-33.422427],[-70.643377,-33.409409],[-70.643603,-33.41407],[-70.642926,-33.401741],[-70.643227,-33.405688],[-70.642588,-33.392907],[-70.642738,-33.396816],[-70.643142,-33.385882],[-70.64255,-33.387546],[-70.642325,-33.388847],[-70.642475,-33.390952],[-70.633069,-33.354898]],"time":3481}