{"shape":[[-70.648878,-33.500456],[-70.65131561143265,-33.489630222753156],[-70.65152572252889,-33.49053169492252],[-70.65173583362514,-33.49143316709187],[-70.65194594472138,-33.49233463926122],[-70.65215605581763,-33.49323611143058],[-70.65236616691386,-33.49413758359994],[-70.65257627801012,-33.49503905576929],[-70.65278638910635,-33.49594052793865],[-70.6529965002026,-33.496842000108],[-70.64976036172165,-33.4836147921903],[-70.6500293894446,-33.484637583869],[-70.65029841716755,-33.4856603755477],[-70.6505674448905,-33.4866831672264],[-70.65083647261345,-33.4877059589051],[-70.6511055003364,-33.4887287505838],[-70.64917522377786,-33.47740158369127],[-70.64923844582202,-33.47843966705533],[-70.64930166786618,-33.479477750419406],[-70.64936488991036,-33.48051583378347],[-70.64942811195453,-33.48155391714754],[-70.6494913339987,-33.4825920005116],[-70.65024600160984,-33.47651446458954],[-70.65138000148602,-33.47666542885189],[-70.65251400136218,-33.476816393114234],[-70.65364800123834,-33.47696735737657],[-70.65478200111451,-33.47711832163891],[-70.65591600099067,-33.47726928590126],[-70.65705000086683,-33.477420250163604],[-70.658184000743,-33.47757121442594],[-70.65931800061917,-33.47772217868828],[-70.66045200049534,-33.47787314295063],[-70.6615860003715,-33.478024107212974],[-70.66272000024766,-33.47817507147531],[-70.66385400012383,-33.47832603573765],[-70.664988,-33.478477],[-70.666129,-33.47842107142857],[-70.66726999999999,-33.47836514285714],[-70.66841099999999,-33.478309214285716],[-70.669552,-33.47825328571428],[-70.670693,-33.478197357142854],[-70.67183399999999,-33.478141428571426],[-70.672975,-33.4780855],[-70.674116,-33.47802957142857],[-70.67525699999999,-33.477973642857144],[-70.67639799999999,-33.47791771428572],[-70.677539,-33.47786178571428],[-70.67868,-33.477805857142855],[-70.67982099999999,-33.47774992857143],[-70.680962,-33.477694],[-70.68194642857142,-33.47810428571429],[-70.68293085714285,-33.47851457142857],[-70.68391528571428,-33.47892485714286],[-70.6848997142857,-33.479335142857146],[-70.68588414285713,-33.47974542857143],[-70.68686857142856,-33.480155714285715],[-70.68785299999999,-33.480565999999996],[-70.68883742857143,-33.480976285714284],[-70.68982185714286,-33.48138657142857],[-70.69080628571429,-33.481796857142854],[-70.69179071428572,-33.48220714285714],[-70.69277514285714,-33.48261742857143],[-70.69375957142857,-33.48302771428571],[-70.711919,-33.494711]],"time":1706}