{"shape":[[-70.649,-33.497],[-70.653167,-33.497274],[-70.653702,-33.499323],[-70.654771,-33.502441],[-70.655662,-33.505917],[-70.656999,-33.510104],[-70.639,-33.51]],"time":765}
