{"shape":[[-70.642774,-33.539103],[-70.643696,-33.541213],[-70.654744,-33.539431],[-70.664368,-33.537381],[-70.663322,-33.534761]],"time":821}