{"shape":[[-70.626147,-33.494377],[-70.61762,-33.49157],[-70.617018,-33.493842],[-70.616016,-33.498252],[-70.614479,-33.505269],[-70.612674,-33.507809],[-70.61067,-33.509613],[-70.606593,-33.512888],[-70.602584,-33.516095],[-70.60118,-33.517833],[-70.59971,-33.519704],[-70.598373,-33.522644],[-70.596703,-33.526387],[-70.596758,-33.526154],[-70.590164,-33.510828],[-70.591055,-33.513501],[-70.593907,-33.516798],[-70.596134,-33.519471],[-70.521633,-33.523878]],"time":1436}