{"shape":[[-70.642774,-33.539103],[-70.643254,-33.539034],[-70.643275,-33.539122],[-70.643687,-33.540881],[-70.643691,-33.5409],[-70.6437,-33.540937],[-70.64435,-33.540841],[-70.645001,-33.540747],[-70.645702,-33.540645],[-70.645929,-33.540612],[-70.646626,-33.540515],[-70.646786,-33.540494],[-70.647676,-33.540366],[-70.648545,-33.540242],[-70.649408,-33.540113],[-70.64957,-33.540089],[-70.650162,-33.540003],[-70.650284,-33.539983],[-70.651034,-33.539857],[-70.651217,-33.539827],[-70.652014,-33.539683],[-70.652874,-33.539521],[-70.653749,-33.539352],[-70.654631,-33.539183],[-70.654719,-33.539167],[-70.655728,-33.538983],[-70.656845,-33.538802],[-70.657765,-33.53864],[-70.657958,-33.538603],[-70.65825,-33.538553],[-70.659557,-33.538332],[-70.659754,-33.538298],[-70.660813,-33.538101],[-70.661049,-33.538054],[-70.661295,-33.538],[-70.66154,-33.537941],[-70.661783,-33.537877],[-70.66216,-33.537769],[-70.662533,-33.537654],[-70.663357,-33.537382],[-70.663393,-33.537372],[-70.663858,-33.537243],[-70.663922,-33.537188],[-70.66397,-33.537142],[-70.664,-33.537112],[-70.664027,-33.53708],[-70.66406,-33.53703],[-70.664079,-33.536993],[-70.664097,-33.536949],[-70.664111,-33.536904],[-70.664075,-33.53674],[-70.663959,-33.536227],[-70.663913,-33.536011],[-70.663869,-33.535792],[-70.663847,-33.5357],[-70.663817,-33.535579],[-70.663779,-33.535423],[-70.663729,-33.535224],[-70.663719,-33.535188],[-70.663594,-33.534712],[-70.663525,-33.534725],[-70.663468,-33.534735],[-70.663322,-33.534761]],"time":206.132}