{"shape":[[-70.648878,-33.500456],[-70.648112,-33.500621],[-70.648,-33.500645],[-70.647459,-33.498959],[-70.647448,-33.498926],[-70.647434,-33.498882],[-70.64798,-33.49873],[-70.648529,-33.498578],[-70.649511,-33.498306],[-70.650093,-33.498145],[-70.650154,-33.498128],[-70.650241,-33.498105],[-70.651302,-33.497824],[-70.652959,-33.497386],[-70.653005,-33.497373],[-70.653088,-33.49735],[-70.653241,-33.497317],[-70.653258,-33.497377],[-70.653308,-33.497553],[-70.653491,-33.498214],[-70.653943,-33.498071],[-70.654238,-33.497976],[-70.654818,-33.497782],[-70.654906,-33.497752],[-70.655344,-33.497609],[-70.65541,-33.497587],[-70.655473,-33.497568],[-70.656092,-33.497381],[-70.656355,-33.497297],[-70.656632,-33.497207],[-70.657448,-33.496938],[-70.65755,-33.496904],[-70.658162,-33.496702],[-70.659113,-33.496387],[-70.660349,-33.495997],[-70.660494,-33.495951],[-70.661662,-33.495581],[-70.661745,-33.495555],[-70.661832,-33.495528],[-70.663288,-33.495068],[-70.663314,-33.495059],[-70.663386,-33.495037],[-70.663497,-33.494989],[-70.663502,-33.494987],[-70.663769,-33.494872],[-70.663771,-33.494871],[-70.66379,-33.494863],[-70.663826,-33.494848],[-70.663905,-33.494818],[-70.664809,-33.494468],[-70.666053,-33.493986],[-70.666653,-33.493754],[-70.667147,-33.493562],[-70.667221,-33.493534],[-70.667311,-33.493499],[-70.667368,-33.493477],[-70.667679,-33.493357],[-70.667703,-33.493347],[-70.667759,-33.493325],[-70.667809,-33.493306],[-70.668497,-33.49304],[-70.668582,-33.493007],[-70.668635,-33.492987],[-70.668704,-33.49296],[-70.668769,-33.492934],[-70.669316,-33.49272],[-70.669766,-33.492544],[-70.670059,-33.492429],[-70.670197,-33.492375],[-70.67033,-33.492324],[-70.670565,-33.492235],[-70.670698,-33.492184],[-70.670793,-33.492148],[-70.67181,-33.491758],[-70.671843,-33.491745],[-70.671924,-33.491714],[-70.672007,-33.491682],[-70.672614,-33.49145],[-70.673183,-33.491232],[-70.673617,-33.491066],[-70.673664,-33.491048],[-70.673742,-33.491018],[-70.674297,-33.490805],[-70.67456,-33.490705],[-70.674672,-33.490662],[-70.674736,-33.490638],[-70.674804,-33.490613],[-70.67476,-33.490525],[-70.674826,-33.490502],[-70.674874,-33.490486],[-70.674985,-33.490449],[-70.675201,-33.490375],[-70.675606,-33.490237],[-70.676544,-33.492125]],"time":764.188}
