{"shape":[[-70.642774,-33.539103],[-70.642694,-33.539115],[-70.642595,-33.539129],[-70.642576,-33.539051],[-70.642341,-33.538067],[-70.642297,-33.537879],[-70.642216,-33.537538],[-70.642104,-33.537061],[-70.642085,-33.536982],[-70.641948,-33.536376],[-70.641876,-33.536064],[-70.641679,-33.535206],[-70.6416,-33.534901],[-70.641552,-33.534713],[-70.641495,-33.534504],[-70.641213,-33.533463],[-70.641207,-33.533438],[-70.641189,-33.533373],[-70.641175,-33.533319],[-70.641161,-33.53327],[-70.640824,-33.532019],[-70.640799,-33.531928],[-70.640174,-33.532045],[-70.639547,-33.53216],[-70.638911,-33.532282],[-70.638283,-33.532402],[-70.637664,-33.532518],[-70.637344,-33.532578],[-70.637074,-33.532628],[-70.636636,-33.532714],[-70.635083,-33.533012],[-70.635035,-33.533018],[-70.634987,-33.533019],[-70.63494,-33.533015],[-70.634903,-33.533009],[-70.634882,-33.533005],[-70.634829,-33.532988],[-70.634719,-33.532947],[-70.634644,-33.532926],[-70.634485,-33.532881],[-70.634317,-33.532871],[-70.633874,-33.532839],[-70.633401,-33.532804],[-70.6322,-33.532715],[-70.631991,-33.5327],[-70.631207,-33.532642],[-70.631003,-33.532627],[-70.63014,-33.532564],[-70.629855,-33.532543],[-70.629797,-33.532539],[-70.629725,-33.532534],[-70.629647,-33.532528],[-70.629586,-33.532524],[-70.62935,-33.532507],[-70.628542,-33.532449],[-70.62795,-33.532407],[-70.627363,-33.532365],[-70.627155,-33.53235],[-70.626217,-33.532283],[-70.62612,-33.532276],[-70.626026,-33.532269],[-70.625307,-33.532217],[-70.623894,-33.532116],[-70.623887,-33.532193],[-70.623885,-33.532204],[-70.623873,-33.532319]],"time":191.751}
