{"shape":[[-70.626147,-33.494377],[-70.618555,-33.487092],[-70.61762,-33.49157],[-70.621696,-33.479674],[-70.620694,-33.483484],[-70.619624,-33.485555],[-70.618555,-33.487092],[-70.623567,-33.472591],[-70.622298,-33.477469],[-70.626884,-33.46752],[-70.62744,-33.46808],[-70.62747,-33.468761],[-70.627318,-33.469521],[-70.627014,-33.470408],[-70.627267,-33.471126],[-70.628178,-33.471717],[-70.629565,-33.472281],[-70.630255,-33.472728],[-70.631047,-33.473156],[-70.632238,-33.473667],[-70.633978,-33.474204],[-70.640292,-33.476344],[-70.648423,-33.476718],[-70.651973,-33.476742],[-70.653137,-33.476869],[-70.654049,-33.477333],[-70.655061,-33.478262],[-70.656023,-33.478727],[-70.660023,-33.478854],[-70.66625,-33.478685],[-70.678325,-33.478369],[-70.679489,-33.478326],[-70.681869,-33.478242],[-70.676544,-33.492125]],"time":1938}