{"shape":[[-70.45,-33.63],[-70.577155,-33.602069],[-70.57671,-33.605188],[-70.575997,-33.609465],[-70.58,-33.6]],"time":693}
