{"shape":[[-70.626147,-33.494377],[-70.618555,-33.487092],[-70.61762,-33.49157],[-70.621696,-33.479674],[-70.620694,-33.483484],[-70.619624,-33.485555],[-70.618555,-33.487092],[-70.623567,-33.472591],[-70.622298,-33.477469],[-70.62751,-33.458691],[-70.625171,-33.467111],[-70.642682,-33.458237],[-70.643938,-33.45852],[-70.646111,-33.458775],[-70.647809,-33.458464],[-70.64893,-33.458011],[-70.649473,-33.457331],[-70.650491,-33.451381],[-70.651549,-33.444081],[-70.652665,-33.437115],[-70.652803,-33.436198],[-70.653208,-33.433813],[-70.653254,-33.433367],[-70.653265,-33.433052],[-70.653265,-33.432723],[-70.653219,-33.431639],[-70.653233,-33.430996],[-70.653333,-33.430115],[-70.653547,-33.429209],[-70.653776,-33.428411],[-70.655686,-33.421121],[-70.656373,-33.417663],[-70.65678,-33.416561],[-70.657356,-33.415179],[-70.65846,-33.412875],[-70.6593,-33.411032],[-70.660428,-33.407947],[-70.661028,-33.406565],[-70.661606,-33.40569],[-70.662217,-33.405039],[-70.664015,-33.402942],[-70.666696,-33.400364],[-70.669546,-33.397985],[-70.671001,-33.396561],[-70.672231,-33.395154],[-70.674824,-33.391425],[-70.67665,-33.389138],[-70.679226,-33.385877],[-70.673605,-33.386882]],"time":2775}