{"shape":[[-70.642774,-33.539103],[-70.634162,-33.542549],[-70.636835,-33.542193],[-70.643696,-33.541213],[-70.619994,-33.541926],[-70.629083,-33.543084],[-70.634162,-33.542549],[-70.623873,-33.532319]],"time":1097}