{"shape":[[-70.642774,-33.539103],[-70.643696,-33.541213],[-70.654744,-33.539431],[-70.664368,-33.537381],[-70.662434,-33.530153],[-70.664305,-33.537459],[-70.65985,-33.520975],[-70.661543,-33.526499],[-70.686111,-33.516338]],"time":1290}