{"shape":[[-70.648878,-33.500456],[-70.651029,-33.488809],[-70.65192,-33.492997],[-70.653167,-33.497274],[-70.651029,-33.488809],[-70.648267,-33.479988],[-70.649514,-33.482661],[-70.656108,-33.471434],[-70.654593,-33.47375],[-70.652811,-33.474909],[-70.649603,-33.476156],[-70.656553,-33.46386],[-70.656464,-33.469919],[-70.658157,-33.454237],[-70.657177,-33.455841],[-70.656732,-33.457623],[-70.65691,-33.460385],[-70.660207,-33.447732],[-70.659583,-33.450138],[-70.658603,-33.4529],[-70.663757,-33.446999],[-70.667566,-33.447951],[-70.665,-33.45254]],"time":2101}