{"shape":[[-70.648878,-33.500456],[-70.651029,-33.488809],[-70.65192,-33.492997],[-70.653167,-33.497274],[-70.651029,-33.488809],[-70.648267,-33.479988],[-70.649514,-33.482661],[-70.651973,-33.476742],[-70.653137,-33.476869],[-70.654049,-33.477333],[-70.655061,-33.478262],[-70.656023,-33.478727],[-70.660023,-33.478854],[-70.66625,-33.478685],[-70.678325,-33.478369],[-70.679489,-33.478326],[-70.681869,-33.478242],[-70.683944,-33.478242],[-70.685007,-33.479002],[-70.6854,-33.47992],[-70.686403,-33.48201],[-70.687334,-33.483025],[-70.689267,-33.483802],[-70.690484,-33.484279],[-70.691844,-33.484578],[-70.693348,-33.48416],[-70.695424,-33.483384],[-70.711919,-33.494711]],"time":1549}