{"shape":[[-70.642774,-33.539103],[-70.643696,-33.541213],[-70.654744,-33.539431],[-70.664368,-33.537381],[-70.662434,-33.530153],[-70.664305,-33.537459],[-70.65985,-33.520975],[-70.661543,-33.526499],[-70.657444,-33.512421],[-70.65887,-33.517143],[-70.655662,-33.505917],[-70.656999,-33.510104],[-70.653702,-33.499323],[-70.654771,-33.502441],[-70.648878,-33.500456]],"time":1910}