{"shape":[[-70.648878,-33.500456],[-70.648112,-33.500621],[-70.648,-33.500645],[-70.647459,-33.498959],[-70.647448,-33.498926],[-70.647434,-33.498882],[-70.647411,-33.498813],[-70.646981,-33.497505],[-70.646969,-33.497468],[-70.646951,-33.497413],[-70.646037,-33.497657],[-70.644903,-33.497959],[-70.64464,-33.497266],[-70.644631,-33.497243],[-70.64461,-33.497186],[-70.644437,-33.49673],[-70.644424,-33.496697],[-70.644395,-33.496621],[-70.644292,-33.496647],[-70.643374,-33.496874],[-70.641983,-33.497217],[-70.639774,-33.497763],[-70.639752,-33.497768],[-70.639684,-33.497785],[-70.639531,-33.497831],[-70.639381,-33.497873],[-70.639314,-33.49788],[-70.639281,-33.497883],[-70.639249,-33.497887],[-70.639145,-33.497893],[-70.639042,-33.497894],[-70.63729,-33.497871],[-70.637224,-33.497869],[-70.637228,-33.497818],[-70.637231,-33.497782],[-70.637261,-33.497445],[-70.637306,-33.496979],[-70.637312,-33.496918],[-70.637321,-33.496794],[-70.637331,-33.496668],[-70.637332,-33.496628],[-70.637324,-33.496589],[-70.637314,-33.496555],[-70.637303,-33.496534],[-70.637295,-33.496515],[-70.637277,-33.496486],[-70.637253,-33.49646],[-70.637135,-33.496466],[-70.63702,-33.496472],[-70.636655,-33.496492],[-70.636237,-33.496515],[-70.636161,-33.496519],[-70.636157,-33.496455],[-70.636133,-33.496058],[-70.636111,-33.495687],[-70.636109,-33.495646],[-70.636102,-33.495525],[-70.6361,-33.4954],[-70.6361,-33.49538],[-70.636099,-33.495346],[-70.636083,-33.494821],[-70.636076,-33.494585],[-70.636068,-33.49443],[-70.636059,-33.494262],[-70.636022,-33.493583],[-70.635943,-33.493586],[-70.633559,-33.493671],[-70.633535,-33.493671],[-70.633484,-33.493672],[-70.633475,-33.493495],[-70.633417,-33.493498],[-70.63171,-33.493565],[-70.631263,-33.493583],[-70.631231,-33.493584],[-70.631136,-33.493588],[-70.631055,-33.493591],[-70.631041,-33.493591],[-70.629445,-33.493647],[-70.629403,-33.493649],[-70.629326,-33.493651],[-70.629214,-33.493738],[-70.629178,-33.493764],[-70.629143,-33.493784],[-70.629096,-33.493804],[-70.629064,-33.493812],[-70.628995,-33.493818],[-70.628955,-33.493819],[-70.628677,-33.493828],[-70.628255,-33.493842],[-70.628258,-33.493907],[-70.628259,-33.493943],[-70.628283,-33.494534],[-70.627865,-33.494551],[-70.627436,-33.494568],[-70.627003,-33.494585],[-70.626577,-33.494602],[-70.626236,-33.494635],[-70.62616,-33.494641],[-70.626147,-33.494377]],"time":723.383}