{"shape":[[-70.642774,-33.539103],[-70.642694,-33.539115],[-70.642595,-33.539129],[-70.642486,-33.539126],[-70.642086,-33.539115],[-70.642035,-33.539117],[-70.641982,-33.539122],[-70.641623,-33.539176],[-70.641356,-33.539216],[-70.641157,-33.539245],[-70.640039,-33.539409],[-70.639821,-33.538483],[-70.639613,-33.537603],[-70.639606,-33.537573],[-70.639584,-33.537479],[-70.639566,-33.5374],[-70.63956,-33.537376],[-70.639348,-33.536481],[-70.639159,-33.535676],[-70.639037,-33.535183],[-70.638416,-33.5353],[-70.637827,-33.535407],[-70.637744,-33.535422],[-70.637663,-33.53543],[-70.637579,-33.535435],[-70.637495,-33.535437],[-70.637236,-33.535442],[-70.637169,-33.535443],[-70.637167,-33.535392],[-70.637165,-33.535355],[-70.637151,-33.534957],[-70.637146,-33.534788],[-70.637141,-33.53464],[-70.637127,-33.534214],[-70.637126,-33.534185],[-70.637124,-33.53411],[-70.637122,-33.53404],[-70.637122,-33.534011],[-70.63712,-33.533906],[-70.63711,-33.53344],[-70.635873,-33.533462],[-70.635805,-33.53346],[-70.635736,-33.533453],[-70.635669,-33.533441],[-70.635609,-33.533425],[-70.63555,-33.533406],[-70.635494,-33.533383],[-70.635436,-33.533353],[-70.635381,-33.53332],[-70.635331,-33.533282],[-70.63528,-33.533237],[-70.635233,-33.533187],[-70.635115,-33.53305],[-70.635083,-33.533012],[-70.635035,-33.533018],[-70.634987,-33.533019],[-70.63494,-33.533015],[-70.634903,-33.533009],[-70.634882,-33.533005],[-70.634829,-33.532988],[-70.634719,-33.532947],[-70.634644,-33.532926],[-70.634485,-33.532881],[-70.634317,-33.532871],[-70.633874,-33.532839],[-70.633401,-33.532804],[-70.6322,-33.532715],[-70.631991,-33.5327],[-70.631207,-33.532642],[-70.631003,-33.532627],[-70.63014,-33.532564],[-70.629855,-33.532543],[-70.629797,-33.532539],[-70.629725,-33.532534],[-70.629647,-33.532528],[-70.629586,-33.532524],[-70.62935,-33.532507],[-70.628542,-33.532449],[-70.62795,-33.532407],[-70.627363,-33.532365],[-70.627155,-33.53235],[-70.626217,-33.532283],[-70.62612,-33.532276],[-70.626026,-33.532269],[-70.625307,-33.532217],[-70.623894,-33.532116],[-70.623887,-33.532193],[-70.623885,-33.532204],[-70.623873,-33.532319]],"time":545.052}
