{"shape":[[-70.746933,-33.65513]],"time":0}