{"shape":[[-70.091871,-33.682849],[-70.577155,-33.602069],[-70.57671,-33.605188],[-70.575997,-33.609465],[-70.579026,-33.592981],[-70.577155,-33.602069],[-70.581878,-33.579081],[-70.579828,-33.589239],[-70.582412,-33.576497],[-70.584996,-33.562686],[-70.583571,-33.569369],[-70.586155,-33.556181],[-70.585264,-33.560637],[-70.587313,-33.548429],[-70.587135,-33.549944],[-70.5866,-33.55333],[-70.587669,-33.546915],[-70.592748,-33.535777],[-70.596758,-33.526154],[-70.590164,-33.510828],[-70.591055,-33.513501],[-70.593907,-33.516798],[-70.596134,-33.519471],[-70.588917,-33.503967],[-70.589541,-33.50869],[-70.58063,-33.4898],[-70.584105,-33.495324],[-70.587046,-33.500047],[-70.578937,-33.481335],[-70.579472,-33.484186],[-70.580274,-33.487929],[-70.577512,-33.47492],[-70.57867,-33.479731],[-70.57475,-33.464762],[-70.576175,-33.468771],[-70.571274,-33.455406],[-70.572255,-33.458792],[-70.573858,-33.462445],[-70.570734,-33.45349],[-70.534464,-33.447065]],"time":4839}