{"shape":[[-70.091871,-33.682849],[-70.577155,-33.602069],[-70.57671,-33.605188],[-70.575997,-33.609465],[-70.579026,-33.592981],[-70.577155,-33.602069],[-70.581878,-33.579081],[-70.579828,-33.589239],[-70.582412,-33.576497],[-70.584996,-33.562686],[-70.583571,-33.569369],[-70.586155,-33.556181],[-70.585264,-33.560637],[-70.587313,-33.548429],[-70.587135,-33.549944],[-70.5866,-33.55333],[-70.587669,-33.546915],[-70.592748,-33.535777],[-70.598373,-33.522644],[-70.596703,-33.526387],[-70.602584,-33.516095],[-70.60118,-33.517833],[-70.59971,-33.519704],[-70.61067,-33.509613],[-70.606593,-33.512888],[-70.614479,-33.505269],[-70.612674,-33.507809],[-70.617018,-33.493842],[-70.616016,-33.498252],[-70.61762,-33.49157],[-70.621696,-33.479674],[-70.620694,-33.483484],[-70.619624,-33.485555],[-70.618555,-33.487092],[-70.623567,-33.472591],[-70.622298,-33.477469],[-70.62751,-33.458691],[-70.625171,-33.467111],[-70.642682,-33.458237],[-70.643938,-33.45852],[-70.646111,-33.458775],[-70.647809,-33.458464],[-70.64893,-33.458011],[-70.649473,-33.457331],[-70.650491,-33.451381],[-70.651549,-33.444081],[-70.652665,-33.437115],[-70.644518,-33.436596],[-70.685316,-33.438751],[-70.680404,-33.440355],[-70.697996,-33.439052],[-70.690879,-33.43825],[-70.707318,-33.441458],[-70.71203,-33.442661],[-70.726615,-33.444465],[-70.723357,-33.444214],[-70.853151,-33.422703]],"time":6308}