{"shape":[[-70.091871,-33.682849],[-70.577155,-33.602069],[-70.57671,-33.605188],[-70.575997,-33.609465],[-70.579026,-33.592981],[-70.577155,-33.602069],[-70.581878,-33.579081],[-70.579828,-33.589239],[-70.582412,-33.576497],[-70.584996,-33.562686],[-70.583571,-33.569369],[-70.586155,-33.556181],[-70.585264,-33.560637],[-70.587313,-33.548429],[-70.587135,-33.549944],[-70.5866,-33.55333],[-70.587669,-33.546915],[-70.592748,-33.535777],[-70.596758,-33.526154],[-70.598075,-33.522501],[-70.600124,-33.523927],[-70.602085,-33.525709],[-70.605471,-33.531055],[-70.610817,-33.539609],[-70.612866,-33.540767],[-70.616074,-33.541124],[-70.619994,-33.541926],[-70.629083,-33.543084],[-70.634162,-33.542549],[-70.636835,-33.542193],[-70.643696,-33.541213],[-70.654744,-33.539431],[-70.664368,-33.537381],[-70.662434,-33.530153],[-70.664305,-33.537459],[-70.65985,-33.520975],[-70.661543,-33.526499],[-70.657444,-33.512421],[-70.65887,-33.517143],[-70.655662,-33.505917],[-70.656999,-33.510104],[-70.653702,-33.499323],[-70.654771,-33.502441],[-70.648878,-33.500456]],"time":4620}