{"shape":[[-70.7,-33.59],[-70.673483861,-33.571108516],[-70.67388091,-33.572597496],[-70.6743788799999,-33.5745611999999],[-70.675130281,-33.5771843329999],[-70.676247723,-33.5810323709999],[-70.6769585709999,-33.583604448],[-70.667954735,-33.551382406],[-70.6685212419999,-33.553498792],[-70.6696837819999,-33.557589516],[-70.6705584979999,-33.560622892],[-70.671006543,-33.562163283],[-70.672085038,-33.566094521],[-70.673127015,-33.569873092],[-70.673483861,-33.571108516],[-70.665579608,-33.54224493],[-70.667238958,-33.548607746],[-70.654744,-33.539431],[-70.664368,-33.537381],[-70.636835,-33.542193],[-70.643696,-33.541213],[-70.619994,-33.541926],[-70.629083,-33.543084],[-70.634162,-33.542549],[-70.610817,-33.539609],[-70.612866,-33.540767],[-70.616074,-33.541124],[-70.598075,-33.522501],[-70.600124,-33.523927],[-70.602085,-33.525709],[-70.605471,-33.531055],[-70.596758,-33.526154],[-70.592748,-33.535777],[-70.587669,-33.546915],[-70.587313,-33.548429],[-70.587135,-33.549944],[-70.5866,-33.55333],[-70.586155,-33.556181],[-70.585264,-33.560637],[-70.584996,-33.562686],[-70.583571,-33.569369],[-70.582412,-33.576497],[-70.581878,-33.579081],[-70.579828,-33.589239],[-70.579026,-33.592981],[-70.577155,-33.602069],[-70.57671,-33.605188],[-70.575997,-33.609465],[-70.52,-33.63]],"time":4836}
