{"shape":[[-70.642774,-33.539103],[-70.634162,-33.542549],[-70.636835,-33.542193],[-70.643696,-33.541213],[-70.619994,-33.541926],[-70.629083,-33.543084],[-70.634162,-33.542549],[-70.610817,-33.539609],[-70.612866,-33.540767],[-70.616074,-33.541124],[-70.598075,-33.522501],[-70.600124,-33.523927],[-70.602085,-33.525709],[-70.605471,-33.531055],[-70.590164,-33.510828],[-70.591055,-33.513501],[-70.593907,-33.516798],[-70.596134,-33.519471],[-70.588917,-33.503967],[-70.589541,-33.50869],[-70.58063,-33.4898],[-70.584105,-33.495324],[-70.587046,-33.500047],[-70.578937,-33.481335],[-70.579472,-33.484186],[-70.580274,-33.487929],[-70.577512,-33.47492],[-70.57867,-33.479731],[-70.57475,-33.464762],[-70.576175,-33.468771],[-70.571274,-33.455406],[-70.572255,-33.458792],[-70.573858,-33.462445],[-70.574006,-33.453863],[-70.576101,-33.454192],[-70.580987,-33.454618],[-70.582595,-33.454798],[-70.584828,-33.455259],[-70.587517,-33.4556],[-70.591767,-33.455379],[-70.595056,-33.455199],[-70.59748,-33.454949],[-70.595409,-33.455145]],"time":4352}