{"shape":[[-70.66,-33.45],[-70.660474,-33.446128],[-70.660207,-33.447732],[-70.659583,-33.450138],[-70.658603,-33.4529],[-70.656289,-33.445245],[-70.660299,-33.446097],[-70.654836,-33.444844],[-70.652665,-33.437115],[-70.644518,-33.436596],[-70.685316,-33.438751],[-70.680404,-33.440355],[-70.697996,-33.439052],[-70.690879,-33.43825],[-70.707318,-33.441458],[-70.71203,-33.442661],[-70.73,-33.42]],"time":2042}
