{"shape":[[-70.665,-33.45254],[-70.660299,-33.446097],[-70.663757,-33.446999],[-70.667566,-33.447951],[-70.656289,-33.445245],[-70.660299,-33.446097],[-70.654836,-33.444844],[-70.651549,-33.444081],[-70.643938,-33.45852],[-70.646111,-33.458775],[-70.647809,-33.458464],[-70.64893,-33.458011],[-70.649473,-33.457331],[-70.650491,-33.451381],[-70.642682,-33.458237],[-70.62751,-33.458691],[-70.625171,-33.467111],[-70.623567,-33.472591],[-70.622298,-33.477469],[-70.621696,-33.479674],[-70.620694,-33.483484],[-70.619624,-33.485555],[-70.618555,-33.487092],[-70.61762,-33.49157],[-70.626147,-33.494377]],"time":1979}