{"shape":[[-70.665,-33.45254],[-70.660299,-33.446097],[-70.663757,-33.446999],[-70.667566,-33.447951],[-70.65985,-33.439624],[-70.660117,-33.441673],[-70.66083,-33.44399],[-70.660474,-33.446128],[-70.633742,-33.437097],[-70.62742,-33.434018],[-70.629575,-33.435321],[-70.633534,-33.436975],[-70.621957,-33.429757],[-70.624112,-33.431311],[-70.626518,-33.433165],[-70.616293,-33.427151],[-70.6192,-33.428304],[-70.610579,-33.422891],[-70.612484,-33.423592],[-70.614288,-33.425447],[-70.605818,-33.419884],[-70.608574,-33.422139],[-70.598651,-33.417327],[-70.601407,-33.418179],[-70.591584,-33.415874],[-70.595694,-33.416576],[-70.584366,-33.41432],[-70.586371,-33.414771],[-70.589479,-33.415323],[-70.570333,-33.409609],[-70.574543,-33.410912],[-70.578703,-33.412115],[-70.581058,-33.412867],[-70.583264,-33.413769],[-70.558905,-33.407554],[-70.561662,-33.407454],[-70.56522,-33.408306],[-70.568729,-33.409208],[-70.550184,-33.408306],[-70.553292,-33.408406],[-70.556149,-33.407855],[-70.503235,-33.426194]],"time":3505}