{"shape":[[-70.665,-33.45254],[-70.660299,-33.446097],[-70.663757,-33.446999],[-70.667566,-33.447951],[-70.656289,-33.445245],[-70.660299,-33.446097],[-70.654836,-33.444844],[-70.652665,-33.437115],[-70.644518,-33.436596],[-70.685316,-33.438751],[-70.680404,-33.440355],[-70.696092,-33.428194]],"time":1571}