{"shape":[[-70.665,-33.45254],[-70.660299,-33.446097],[-70.663757,-33.446999],[-70.667566,-33.447951],[-70.656289,-33.445245],[-70.660299,-33.446097],[-70.654836,-33.444844],[-70.651549,-33.444081],[-70.643938,-33.45852],[-70.646111,-33.458775],[-70.647809,-33.458464],[-70.64893,-33.458011],[-70.649473,-33.457331],[-70.650491,-33.451381],[-70.642682,-33.458237],[-70.61502,-33.453021],[-70.616332,-33.452995],[-70.618064,-33.453137],[-70.620169,-33.45342],[-70.62258,-33.453987],[-70.625887,-33.454418],[-70.628437,-33.45492],[-70.613835,-33.453164],[-70.605029,-33.454166],[-70.595409,-33.455145]],"time":2080}