{"shape":[[-70.665,-33.45254],[-70.667566,-33.447951],[-70.668669,-33.448101],[-70.670523,-33.448703],[-70.67318,-33.449404],[-70.674433,-33.449655],[-70.676588,-33.450257],[-70.679144,-33.450908],[-70.680698,-33.45156],[-70.682552,-33.452011],[-70.686161,-33.452913],[-70.687965,-33.453264],[-70.692476,-33.454066],[-70.695784,-33.455018],[-70.699693,-33.45602],[-70.701147,-33.456271],[-70.705958,-33.457173],[-70.711021,-33.458426],[-70.715782,-33.457975],[-70.721646,-33.456221],[-70.722448,-33.454567],[-70.722749,-33.45156],[-70.72315,-33.448402],[-70.7233,-33.444192],[-70.722756,-33.446205]],"time":1340}