{"shape":[[-70.908959,-33.686184],[-70.757288,-33.510473],[-70.757339,-33.504008],[-70.757639,-33.49654],[-70.757038,-33.493683],[-70.754682,-33.491929],[-70.752878,-33.489974],[-70.747916,-33.485614],[-70.745109,-33.481855],[-70.73699,-33.47168],[-70.73729,-33.470628],[-70.73729,-33.467921],[-70.737942,-33.462759],[-70.738995,-33.452634],[-70.739496,-33.447121],[-70.739596,-33.44647],[-70.740649,-33.445718],[-70.740799,-33.444715],[-70.726615,-33.444465],[-70.723357,-33.444214],[-70.72315,-33.448402],[-70.7233,-33.444192],[-70.721646,-33.456221],[-70.722448,-33.454567],[-70.722749,-33.45156],[-70.711021,-33.458426],[-70.715782,-33.457975],[-70.701147,-33.456271],[-70.705958,-33.457173],[-70.695784,-33.455018],[-70.699693,-33.45602],[-70.687965,-33.453264],[-70.692476,-33.454066],[-70.680698,-33.45156],[-70.682552,-33.452011],[-70.686161,-33.452913],[-70.674433,-33.449655],[-70.676588,-33.450257],[-70.679144,-33.450908],[-70.668669,-33.448101],[-70.670523,-33.448703],[-70.67318,-33.449404],[-70.665,-33.45254]],"time":3265}