{"shape":[[-70.908959,-33.686184]],"time":0}