{"shape":[[-70.866754,-33.064075],[-70.72159416192018,-33.3663495239592],[-70.72270780468835,-33.366255835864706],[-70.72382144745653,-33.366162147770204],[-70.7249350902247,-33.3660684596757],[-70.72604873299288,-33.3659747715812],[-70.72716237576105,-33.3658810834867],[-70.72827601852923,-33.3657873953922],[-70.7293896612974,-33.3656937072977],[-70.70704927070399,-33.365249477850284],[-70.708168541408,-33.36534895570057],[-70.709287812112,-33.36544843355085],[-70.710407082816,-33.36554791140114],[-70.71152635352,-33.36564738925142],[-70.712645624224,-33.365746867101706],[-70.713764894928,-33.365846344952],[-70.714884165632,-33.36594582280228],[-70.716003436336,-33.366045300652566],[-70.71712270704,-33.36614477850285],[-70.718241977744,-33.366244256353134],[-70.71936124844801,-33.36634373420342],[-70.720480519152,-33.3664432120537],[-70.69175721428572,-33.365544642857145],[-70.69284742857143,-33.36551428571428],[-70.69393764285715,-33.36548392857143],[-70.69502785714286,-33.365453571428574],[-70.69611807142857,-33.36542321428571],[-70.69720828571428,-33.36539285714286],[-70.69829849999999,-33.3653625],[-70.69938871428572,-33.36533214285714],[-70.70047892857143,-33.36530178571429],[-70.70156914285714,-33.365271428571425],[-70.70265935714285,-33.36524107142857],[-70.70374957142857,-33.365210714285716],[-70.70483978571428,-33.365180357142854],[-70.70593,-33.36515],[-70.68677011111112,-33.37245411111111],[-70.68725722222223,-33.37159422222222],[-70.68774433333334,-33.37073433333333],[-70.68823144444445,-33.36987444444444],[-70.68871855555555,-33.36901455555556],[-70.68920566666667,-33.36815466666667],[-70.68969277777778,-33.36729477777778],[-70.69017988888889,-33.36643488888889],[-70.690667,-33.365575],[-70.67980157142857,-33.38451535714285],[-70.68030014285715,-33.383653714285714],[-70.68079871428571,-33.38279207142857],[-70.6812972857143,-33.38193042857143],[-70.68179585714286,-33.381068785714284],[-70.68229442857144,-33.380207142857145],[-70.682793,-33.3793455],[-70.68329157142857,-33.378483857142854],[-70.68379014285715,-33.377622214285715],[-70.68428871428571,-33.37676057142857],[-70.6847872857143,-33.37589892857143],[-70.68528585714286,-33.375037285714285],[-70.68578442857144,-33.374175642857146],[-70.673605,-33.386882]],"time":2250}