{"shape":[[-70.57406,-33.375897],[-70.55726709072786,-33.408294288159475],[-70.55843118145572,-33.408387576318944],[-70.55959527218359,-33.40848086447842],[-70.56075936291145,-33.40857415263789],[-70.56192345363931,-33.408667440797366],[-70.56308754436718,-33.408760728956835],[-70.56425163509503,-33.40885401711631],[-70.5654157258229,-33.40894730527578],[-70.56657981655077,-33.40904059343526],[-70.56774390727863,-33.40913388159473],[-70.5689079980065,-33.4092271697542],[-70.54621439970995,-33.407989500278816],[-70.54731313307552,-33.40801300024784],[-70.54841186644109,-33.40803650021686],[-70.54951059980664,-33.40806000018588],[-70.55060933317219,-33.4080835001549],[-70.55170806653776,-33.40810700012392],[-70.55280679990332,-33.40813050009294],[-70.55390553326887,-33.408154000061955],[-70.55500426663443,-33.40817750003098],[-70.358186,-33.300766]],"time":1075}