{"shape":[[-70.59,-33.39],[-70.568729,-33.409208],[-70.570333,-33.409609],[-70.574543,-33.410912],[-70.578703,-33.412115],[-70.581058,-33.412867],[-70.583264,-33.413769],[-70.558905,-33.407554],[-70.561662,-33.407454],[-70.56522,-33.408306],[-70.568729,-33.409208],[-70.550184,-33.408306],[-70.553292,-33.408406],[-70.556149,-33.407855],[-70.51,-33.36]],"time":1391}
