{"shape":[[-70.59,-33.39],[-70.583264,-33.413769],[-70.584366,-33.41432],[-70.586371,-33.414771],[-70.589479,-33.415323],[-70.591584,-33.415874],[-70.595694,-33.416576],[-70.598651,-33.417327],[-70.601407,-33.418179],[-70.605818,-33.419884],[-70.608574,-33.422139],[-70.610579,-33.422891],[-70.612484,-33.423592],[-70.614288,-33.425447],[-70.616293,-33.427151],[-70.6192,-33.428304],[-70.621957,-33.429757],[-70.624112,-33.431311],[-70.626518,-33.433165],[-70.62742,-33.434018],[-70.629575,-33.435321],[-70.633534,-33.436975],[-70.633742,-33.437097],[-70.65985,-33.439624],[-70.660117,-33.441673],[-70.66083,-33.44399],[-70.660474,-33.446128],[-70.660207,-33.447732],[-70.659583,-33.450138],[-70.658603,-33.4529],[-70.66,-33.45]],"time":1660}
