{"shape":[[-70.589797,-33.100615],[-70.69175721428572,-33.365544642857145],[-70.69284742857143,-33.36551428571428],[-70.69393764285715,-33.36548392857143],[-70.69502785714286,-33.365453571428574],[-70.69611807142857,-33.36542321428571],[-70.69720828571428,-33.36539285714286],[-70.69829849999999,-33.3653625],[-70.69938871428572,-33.36533214285714],[-70.70047892857143,-33.36530178571429],[-70.70156914285714,-33.365271428571425],[-70.70265935714285,-33.36524107142857],[-70.70374957142857,-33.365210714285716],[-70.70483978571428,-33.365180357142854],[-70.70593,-33.36515],[-70.70704927070399,-33.365249477850284],[-70.708168541408,-33.36534895570057],[-70.709287812112,-33.36544843355085],[-70.710407082816,-33.36554791140114],[-70.71152635352,-33.36564738925142],[-70.712645624224,-33.365746867101706],[-70.713764894928,-33.365846344952],[-70.714884165632,-33.36594582280228],[-70.716003436336,-33.366045300652566],[-70.71712270704,-33.36614477850285],[-70.718241977744,-33.366244256353134],[-70.71936124844801,-33.36634373420342],[-70.720629,-33.401367]],"time":912}