{"shape":[[-70.673605,-33.386882],[-70.6701726875,-33.396771375],[-70.67078137499999,-33.39601175],[-70.6713900625,-33.395252125],[-70.67199875,-33.3944925],[-70.67260743749999,-33.393732875],[-70.673216125,-33.39297325],[-70.6738248125,-33.392213625],[-70.67443349999999,-33.391453999999996],[-70.6750421875,-33.390694375],[-70.675650875,-33.38993475],[-70.67625956250001,-33.389175125],[-70.67686825,-33.3884155],[-70.6774769375,-33.387655875],[-70.67808562500001,-33.38689625],[-70.6786943125,-33.386136625],[-70.679303,-33.385377],[-70.66159541666667,-33.405693],[-70.66231983333333,-33.404951000000004],[-70.66304425,-33.404209],[-70.66376866666667,-33.403467],[-70.66449308333333,-33.402725000000004],[-70.6652175,-33.401983],[-70.66594191666667,-33.401241],[-70.66666633333332,-33.400499],[-70.66739075,-33.399757],[-70.66811516666667,-33.399015],[-70.66883958333332,-33.398273],[-70.66303,-33.410872]],"time":1229}