{"shape":[[-71.081427,-33.370696]],"time":0}