{"shape":[[-71.014312,-33.666635]],"time":0}