{"shape":[[-70.672823,-33.557862],[-70.672005,-33.558027],[-70.671753,-33.557237],[-70.670224,-33.557555],[-70.669827,-33.557638],[-70.669729,-33.557668],[-70.669444,-33.556685],[-70.669016,-33.555217],[-70.668964,-33.555037],[-70.668936,-33.55494],[-70.668915,-33.554945],[-70.668773,-33.554448],[-70.668651,-33.55404],[-70.668524,-33.55359],[-70.668301,-33.552838],[-70.668095,-33.552068],[-70.667893,-33.55131],[-70.667756,-33.550749],[-70.66774,-33.550693],[-70.667574,-33.549973],[-70.667559,-33.549924],[-70.667395,-33.549226],[-70.667288,-33.548811],[-70.667267,-33.548725],[-70.666999,-33.5477],[-70.666975,-33.547608],[-70.666955,-33.54754],[-70.666644,-33.546463],[-70.666629,-33.546386],[-70.666617,-33.546313],[-70.666618,-33.546297],[-70.666551,-33.546016],[-70.666324,-33.545239],[-70.666304,-33.545161],[-70.666281,-33.545073],[-70.66599,-33.544],[-70.665968,-33.543929],[-70.665982,-33.543849],[-70.665985,-33.543832],[-70.665882,-33.543454],[-70.665832,-33.543249],[-70.665754,-33.542944],[-70.665676,-33.542773],[-70.665614,-33.542633],[-70.665574,-33.542649],[-70.665524,-33.542663],[-70.665461,-33.542676],[-70.665294,-33.54271],[-70.664205,-33.54289],[-70.664179,-33.542788],[-70.663578,-33.540451],[-70.663566,-33.540405],[-70.66372,-33.540373],[-70.66477,-33.540158],[-70.664822,-33.540148],[-70.664906,-33.540129],[-70.664876,-33.540008],[-70.66484,-33.53984],[-70.664788,-33.539606],[-70.664738,-33.539382],[-70.664635,-33.538992],[-70.664622,-33.538944],[-70.664607,-33.538876],[-70.664482,-33.538401],[-70.664362,-33.537937],[-70.66431,-33.537727],[-70.664303,-33.537698],[-70.66429,-33.537648],[-70.664271,-33.537576],[-70.664183,-33.53722],[-70.664177,-33.537199],[-70.664166,-33.537153],[-70.66415,-33.537082],[-70.664111,-33.536904],[-70.664075,-33.53674],[-70.663959,-33.536227],[-70.663913,-33.536011],[-70.663869,-33.535792],[-70.663847,-33.5357],[-70.663817,-33.535579],[-70.663779,-33.535423],[-70.663729,-33.535224],[-70.663719,-33.535188],[-70.663594,-33.534712],[-70.663525,-33.534725],[-70.663468,-33.534735],[-70.663322,-33.534761]],"time":748.513}
