{"shape":[[-70.697497,-33.465049],[-70.70085737521555,-33.45612900009082],[-70.7020057502053,-33.45640600010823],[-70.70315412519506,-33.45668300012565],[-70.7043025001848,-33.45696000014307],[-70.70545087517455,-33.45723700016048],[-70.7065992501643,-33.4575140001779],[-70.70772926059149,-33.45749483358762],[-70.70885927101868,-33.457475666997325],[-70.70998928144587,-33.45745650040704],[-70.71111929187305,-33.457437333816756],[-70.71224930230024,-33.457418167226464],[-70.71337931272743,-33.45739900063618],[-70.71450932315462,-33.45737983404589],[-70.7156393335818,-33.4573606674556],[-70.71642001873828,-33.45670570441602],[-70.71720070389476,-33.45605074137642],[-70.71798138905123,-33.455395778336836],[-70.71876207420772,-33.45474081529725],[-70.71954275936419,-33.454085852257656],[-70.72032344452067,-33.45343088921807],[-70.72110412967714,-33.45277592617848],[-70.72188481483363,-33.45212096313889],[-70.7226654999901,-33.4514660000993],[-70.722716357053,-33.450522928676676],[-70.72276721411592,-33.44957985725406],[-70.72281807117882,-33.44863678583143],[-70.72286892824172,-33.44769371440881],[-70.72291978530463,-33.44675064298618],[-70.72297064236754,-33.44580757156356],[-70.72302149943044,-33.44486450014094],[-70.72199524952538,-33.44458775011745],[-70.7209689996203,-33.44431100009396],[-70.71994274971522,-33.44403425007047],[-70.71891649981015,-33.44375750004698],[-70.71789024990508,-33.44348075002349],[-70.716864,-33.443204],[-70.71575505556508,-33.442973611119065],[-70.71464611113018,-33.442743222238136],[-70.71353716669526,-33.4425128333572],[-70.71242822226036,-33.44228244447627],[-70.71131927782544,-33.44205205559533],[-70.71021033339053,-33.441821666714404],[-70.70910138895562,-33.44159127783347],[-70.70799244452071,-33.44136088895254],[-70.7068835000858,-33.4411305000716],[-70.70582064452358,-33.44093984451355],[-70.70475778896139,-33.44074918895549],[-70.70369493339918,-33.44055853339744],[-70.70263207783697,-33.440367877839385],[-70.70156922227476,-33.440177222281335],[-70.70050636671256,-33.439986566723285],[-70.69944351115035,-33.43979591116523],[-70.69838065558814,-33.43960525560718],[-70.69731780002593,-33.43941460004912],[-70.69625494446373,-33.43922394449107],[-70.69519208890152,-33.43903328893302],[-70.69412923333931,-33.43884263337496],[-70.6930663777771,-33.43865197781691],[-70.6920035222149,-33.43846132225885],[-70.696092,-33.428194]],"time":1301}