{"shape":[[-70.66303,-33.410872],[-70.66159541666667,-33.405693],[-70.66231983333333,-33.404951000000004],[-70.66304425,-33.404209],[-70.66376866666667,-33.403467],[-70.66449308333333,-33.402725000000004],[-70.6652175,-33.401983],[-70.66594191666667,-33.401241],[-70.66666633333332,-33.400499],[-70.66739075,-33.399757],[-70.66811516666667,-33.399015],[-70.66883958333332,-33.398273],[-70.669564,-33.397531],[-70.6701726875,-33.396771375],[-70.67078137499999,-33.39601175],[-70.6713900625,-33.395252125],[-70.67199875,-33.3944925],[-70.67260743749999,-33.393732875],[-70.673216125,-33.39297325],[-70.6738248125,-33.392213625],[-70.67443349999999,-33.391453999999996],[-70.6750421875,-33.390694375],[-70.675650875,-33.38993475],[-70.67625956250001,-33.389175125],[-70.67686825,-33.3884155],[-70.6774769375,-33.387655875],[-70.67808562500001,-33.38689625],[-70.6786943125,-33.386136625],[-70.679303,-33.385377],[-70.67980157142857,-33.38451535714285],[-70.68030014285715,-33.383653714285714],[-70.68079871428571,-33.38279207142857],[-70.6812972857143,-33.38193042857143],[-70.68179585714286,-33.381068785714284],[-70.68229442857144,-33.380207142857145],[-70.682793,-33.3793455],[-70.68329157142857,-33.378483857142854],[-70.68379014285715,-33.377622214285715],[-70.68428871428571,-33.37676057142857],[-70.6847872857143,-33.37589892857143],[-70.68528585714286,-33.375037285714285],[-70.68578442857144,-33.374175642857146],[-70.686283,-33.373314],[-70.68677011111112,-33.37245411111111],[-70.68725722222223,-33.37159422222222],[-70.68774433333334,-33.37073433333333],[-70.68823144444445,-33.36987444444444],[-70.68871855555555,-33.36901455555556],[-70.68920566666667,-33.36815466666667],[-70.68969277777778,-33.36729477777778],[-70.69017988888889,-33.36643488888889],[-70.589797,-33.100615]],"time":1201}