{"shape":[[-70.663322,-33.534761],[-70.66475684205186,-33.53850527183484],[-70.66500497071277,-33.539384686075415],[-70.66525309937367,-33.54026410031599],[-70.66550122803457,-33.54114351455656],[-70.66574935669547,-33.54202292879714],[-70.66599748535639,-33.54290234303771],[-70.66624561401728,-33.54378175727828],[-70.66649374267818,-33.544661171518854],[-70.6667418713391,-33.545540585759426],[-70.66699,-33.54642],[-70.66721066666666,-33.54735133333333],[-70.66743133333333,-33.548282666666665],[-70.667652,-33.549214],[-70.66787266666667,-33.55014533333333],[-70.66809333333333,-33.55107666666667],[-70.668314,-33.552008],[-70.66853466666666,-33.552939333333335],[-70.66875533333334,-33.55387066666666],[-70.668976,-33.554801999999995],[-70.66919666666666,-33.55573333333333],[-70.66941733333333,-33.55666466666666],[-70.66963799999999,-33.557596],[-70.66985866666667,-33.55852733333333],[-70.67007933333333,-33.559458666666664],[-70.672823,-33.557862]],"time":891}