{"shape":[[-70.623873,-33.532319],[-70.60628821487757,-33.53182207174376],[-70.60703842913273,-33.53253964314931],[-70.60778864338789,-33.53325721455487],[-70.60853885764305,-33.53397478596043],[-70.60928907189822,-33.53469235736599],[-70.61003928615338,-33.53540992877154],[-70.61078950040854,-33.5361275001771],[-70.61153971466372,-33.53684507158266],[-70.61228992891888,-33.53756264298821],[-70.61304014317405,-33.53828021439377],[-70.61379035742921,-33.53899778579933],[-70.61454057168437,-33.53971535720489],[-70.61529078593954,-33.54043292861044],[-70.6160410001947,-33.541150500016],[-70.59683466670816,-33.52057603335588],[-70.59745633341633,-33.52132806671176],[-70.59807800012449,-33.52208010006764],[-70.59869966683264,-33.52283213342352],[-70.5993213335408,-33.5235841667794],[-70.59994300024897,-33.52433620013528],[-70.60056466695713,-33.52508823349116],[-70.60118633366528,-33.52584026684704],[-70.60180800037344,-33.52659230020292],[-70.60242966708161,-33.5273443335588],[-70.60305133378976,-33.52809636691468],[-70.60367300049792,-33.52884840027056],[-70.60429466720608,-33.52960043362644],[-70.60491633391425,-33.53035246698232],[-70.6055380006224,-33.5311045003382],[-70.5905828326892,-33.51025125007361],[-70.59109466608108,-33.51112150006692],[-70.59160649947297,-33.511991750060226],[-70.59211833286487,-33.51286200005354],[-70.59263016625675,-33.51373225004684],[-70.59314199964865,-33.514602500040155],[-70.59365383304055,-33.51547275003346],[-70.59416566643243,-33.516343000026765],[-70.59467749982433,-33.51721325002008],[-70.59518933321623,-33.51808350001338],[-70.59570116660811,-33.518953750006695],[-70.521633,-33.523878]],"time":1690}