{"shape":[[-70.534464,-33.447065]],"time":0}