{"shape":[[-70.663322,-33.534761],[-70.663468,-33.534735],[-70.663525,-33.534725],[-70.663594,-33.534712],[-70.663728,-33.534687],[-70.663747,-33.534761],[-70.663845,-33.535136],[-70.663852,-33.535165],[-70.663881,-33.535275],[-70.663903,-33.535363],[-70.664034,-33.535877],[-70.664069,-33.536017],[-70.664101,-33.536113],[-70.664136,-33.536199],[-70.664217,-33.53636],[-70.664243,-33.536412],[-70.664265,-33.536454],[-70.664282,-33.536487],[-70.664313,-33.536548],[-70.664379,-33.53669],[-70.664475,-33.536949],[-70.664485,-33.536977],[-70.664514,-33.537052],[-70.664522,-33.537087],[-70.664626,-33.537459],[-70.664631,-33.537473],[-70.664647,-33.537536],[-70.664659,-33.537587],[-70.664704,-33.537767],[-70.664756,-33.53805],[-70.66477,-33.53813],[-70.66478,-33.538225],[-70.664785,-33.53832],[-70.664785,-33.538393],[-70.664782,-33.538466],[-70.664767,-33.538703],[-70.664765,-33.538737],[-70.664765,-33.538773],[-70.664765,-33.53882],[-70.664769,-33.538854],[-70.664774,-33.5389],[-70.665048,-33.539939],[-70.665056,-33.539969],[-70.665089,-33.540089],[-70.66511,-33.540167],[-70.665433,-33.541326],[-70.665523,-33.541646],[-70.665593,-33.541894],[-70.665628,-33.542001],[-70.665659,-33.54208],[-70.665697,-33.542165],[-70.665739,-33.542255],[-70.665748,-33.542346],[-70.665746,-33.542401],[-70.665744,-33.542444],[-70.665736,-33.542496],[-70.665717,-33.542546],[-70.665691,-33.54258],[-70.665651,-33.542613],[-70.665614,-33.542633],[-70.665676,-33.542773],[-70.665754,-33.542944],[-70.665832,-33.543249],[-70.665882,-33.543454],[-70.665985,-33.543832],[-70.665982,-33.543849],[-70.665968,-33.543929],[-70.66599,-33.544],[-70.666281,-33.545073],[-70.666304,-33.545161],[-70.666324,-33.545239],[-70.666551,-33.546016],[-70.666618,-33.546297],[-70.666617,-33.546313],[-70.666629,-33.546386],[-70.666644,-33.546463],[-70.666955,-33.54754],[-70.666975,-33.547608],[-70.666999,-33.5477],[-70.667267,-33.548725],[-70.667288,-33.548811],[-70.667395,-33.549226],[-70.667559,-33.549924],[-70.667574,-33.549973],[-70.66774,-33.550693],[-70.667756,-33.550749],[-70.667893,-33.55131],[-70.668095,-33.552068],[-70.668301,-33.552838],[-70.668524,-33.55359],[-70.668651,-33.55404],[-70.668773,-33.554448],[-70.668915,-33.554945],[-70.668936,-33.55494],[-70.669057,-33.554909],[-70.669137,-33.555197],[-70.669593,-33.556827],[-70.669827,-33.557638],[-70.670224,-33.557555],[-70.671753,-33.557237],[-70.672005,-33.558027],[-70.672823,-33.557862]],"time":694.863}
