{"shape":[[-70.503235,-33.426194]],"time":0}