{"shape":[[-70.358186,-33.300766]],"time":0}