{"shape":[[-70.686111,-33.516338],[-70.65910689999106,-33.51820355021977],[-70.65936079998224,-33.51911760023294],[-70.6596146999734,-33.52003165024611],[-70.65986859996458,-33.52094570025928],[-70.66012249995575,-33.521859750272455],[-70.66037639994691,-33.52277380028562],[-70.66063029993809,-33.52368785029879],[-70.66088419992926,-33.524601900311964],[-70.66113809992044,-33.52551595032513],[-70.6613919999116,-33.5264300003383],[-70.66165172603488,-33.52736298844297],[-70.66191145215817,-33.52829597654763],[-70.66217117828144,-33.52922896465229],[-70.66243090440472,-33.530161952756956],[-70.662690630528,-33.53109494086162],[-70.66295035665128,-33.532027928966286],[-70.66321008277455,-33.53296091707095],[-70.66346980889784,-33.53389390517562],[-70.66372953502112,-33.53482689328028],[-70.6639892611444,-33.53575988138494],[-70.66424898726768,-33.536692869489606],[-70.663322,-33.534761]],"time":861}