{"shape":[[-70.722756,-33.446205],[-70.72199524952538,-33.44458775011745],[-70.7209689996203,-33.44431100009396],[-70.71994274971522,-33.44403425007047],[-70.71891649981015,-33.44375750004698],[-70.71789024990508,-33.44348075002349],[-70.716864,-33.443204],[-70.71575505556508,-33.442973611119065],[-70.71464611113018,-33.442743222238136],[-70.71353716669526,-33.4425128333572],[-70.71242822226036,-33.44228244447627],[-70.71131927782544,-33.44205205559533],[-70.71021033339053,-33.441821666714404],[-70.70910138895562,-33.44159127783347],[-70.70799244452071,-33.44136088895254],[-70.7068835000858,-33.4411305000716],[-70.70582064452358,-33.44093984451355],[-70.70475778896139,-33.44074918895549],[-70.70369493339918,-33.44055853339744],[-70.70263207783697,-33.440367877839385],[-70.70156922227476,-33.440177222281335],[-70.70050636671256,-33.439986566723285],[-70.69944351115035,-33.43979591116523],[-70.69838065558814,-33.43960525560718],[-70.69731780002593,-33.43941460004912],[-70.69625494446373,-33.43922394449107],[-70.69519208890152,-33.43903328893302],[-70.69412923333931,-33.43884263337496],[-70.6930663777771,-33.43865197781691],[-70.6920035222149,-33.43846132225885],[-70.696092,-33.428194]],"time":945}