{"shape":[[-70.686111,-33.516338],[-70.65910689999106,-33.51820355021977],[-70.65936079998224,-33.51911760023294],[-70.6596146999734,-33.52003165024611],[-70.65986859996458,-33.52094570025928],[-70.66012249995575,-33.521859750272455],[-70.66037639994691,-33.52277380028562],[-70.66063029993809,-33.52368785029879],[-70.66088419992926,-33.524601900311964],[-70.66113809992044,-33.52551595032513],[-70.6613919999116,-33.5264300003383],[-70.66165172603488,-33.52736298844297],[-70.66191145215817,-33.52829597654763],[-70.66217117828144,-33.52922896465229],[-70.66243090440472,-33.530161952756956],[-70.662690630528,-33.53109494086162],[-70.66295035665128,-33.532027928966286],[-70.66321008277455,-33.53296091707095],[-70.66346980889784,-33.53389390517562],[-70.66372953502112,-33.53482689328028],[-70.6639892611444,-33.53575988138494],[-70.66424898726768,-33.536692869489606],[-70.66450871339096,-33.53762585759427],[-70.66475684205186,-33.53850527183484],[-70.66500497071277,-33.539384686075415],[-70.66525309937367,-33.54026410031599],[-70.66550122803457,-33.54114351455656],[-70.66574935669547,-33.54202292879714],[-70.66599748535639,-33.54290234303771],[-70.66624561401728,-33.54378175727828],[-70.66649374267818,-33.544661171518854],[-70.6667418713391,-33.545540585759426],[-70.66699,-33.54642],[-70.66721066666666,-33.54735133333333],[-70.66743133333333,-33.548282666666665],[-70.667652,-33.549214],[-70.66787266666667,-33.55014533333333],[-70.66809333333333,-33.55107666666667],[-70.668314,-33.552008],[-70.66853466666666,-33.552939333333335],[-70.66875533333334,-33.55387066666666],[-70.668976,-33.554801999999995],[-70.66919666666666,-33.55573333333333],[-70.66941733333333,-33.55666466666666],[-70.66963799999999,-33.557596],[-70.66985866666667,-33.55852733333333],[-70.67007933333333,-33.559458666666664],[-70.672823,-33.557862]],"time":1152}