{"shape":[[-70.596313,-33.487053],[-70.57879994501967,-33.48057461192189],[-70.57898088972836,-33.48153722340698],[-70.57916183443703,-33.48249983489207],[-70.5793427791457,-33.48346244637715],[-70.5795237238544,-33.484425057862246],[-70.57970466856307,-33.48538766934733],[-70.57988561327174,-33.48635028083242],[-70.58006655798043,-33.48731289231751],[-70.5802475026891,-33.4882755038026],[-70.57625808860482,-33.470508367368616],[-70.57649417977544,-33.47141873067544],[-70.57673027094604,-33.47232909398225],[-70.57696636211666,-33.473239457289075],[-70.57720245328728,-33.47414982059589],[-70.5774385444579,-33.47506018390271],[-70.57767463562853,-33.47597054720953],[-70.57791072679915,-33.47688091051635],[-70.57814681796975,-33.477791273823165],[-70.57838290914037,-33.47870163712999],[-70.578619000311,-33.4796120004368],[-70.57413768793658,-33.46332425074353],[-70.57440687500767,-33.464220501217575],[-70.57467606207877,-33.46511675169161],[-70.57494524914985,-33.46601300216565],[-70.57521443622093,-33.46690925263969],[-70.57548362329203,-33.46780550311372],[-70.57575281036311,-33.468701753587766],[-70.5760219974342,-33.4695980040618],[-70.57120705068141,-33.45416330087197],[-70.57150276736853,-33.45508160080503],[-70.57179848405565,-33.45599990073809],[-70.57209420074277,-33.45691820067115],[-70.57238991742989,-33.4578365006042],[-70.57268563411702,-33.458754800537264],[-70.57298135080414,-33.459673100470326],[-70.57327706749126,-33.46059140040338],[-70.57357278417838,-33.461509700336435],[-70.5738685008655,-33.4624280002695],[-70.55933648490857,-33.452405000085356],[-70.56049396981714,-33.45248900017071],[-70.5616514547257,-33.452573000256066],[-70.56280893963428,-33.452657000341425],[-70.56396642454285,-33.45274100042678],[-70.56512390945143,-33.452825000512135],[-70.56628139436,-33.45290900059749],[-70.56743887926858,-33.452993000682845],[-70.56859636417714,-33.453077000768204],[-70.56975384908571,-33.453161000853555],[-70.534464,-33.447065]],"time":1967}