{"shape":[[-70.507956,-33.488065]],"time":0}