{"shape":[[-70.676544,-33.492125],[-70.67664,-33.492318],[-70.676598,-33.492352],[-70.676293,-33.492594],[-70.67599,-33.492834],[-70.675925,-33.492886],[-70.676087,-33.49322],[-70.675954,-33.493275],[-70.675912,-33.493293],[-70.675855,-33.493317],[-70.675612,-33.493421],[-70.675417,-33.493503],[-70.675221,-33.493588],[-70.674945,-33.493707],[-70.674727,-33.493797],[-70.674273,-33.493981],[-70.673656,-33.494253],[-70.673167,-33.494455],[-70.672602,-33.494662],[-70.672513,-33.494695],[-70.672017,-33.494874],[-70.671522,-33.495053],[-70.671026,-33.495232],[-70.670506,-33.49542],[-70.670462,-33.495436],[-70.670377,-33.495467],[-70.670295,-33.495496],[-70.670258,-33.495509],[-70.670042,-33.495588],[-70.669969,-33.495614],[-70.669882,-33.495645],[-70.669795,-33.495677],[-70.669697,-33.495713],[-70.669488,-33.495788],[-70.669401,-33.495819],[-70.669349,-33.49584],[-70.669043,-33.495964],[-70.668925,-33.496011],[-70.66876,-33.496078],[-70.668469,-33.496195],[-70.668148,-33.496324],[-70.668006,-33.496381],[-70.667437,-33.49661],[-70.666612,-33.495289],[-70.66651,-33.495335],[-70.666254,-33.49543],[-70.666063,-33.495493],[-70.666006,-33.495513],[-70.665946,-33.495532],[-70.665352,-33.495731],[-70.664705,-33.495947],[-70.664528,-33.496009],[-70.66448,-33.496025],[-70.664393,-33.496053],[-70.66433,-33.496073],[-70.664035,-33.496155],[-70.663993,-33.496168],[-70.663924,-33.496189],[-70.66311,-33.496446],[-70.662336,-33.496687],[-70.662266,-33.496709],[-70.662156,-33.496744],[-70.661449,-33.496969],[-70.660797,-33.497175],[-70.660407,-33.497298],[-70.659918,-33.497451],[-70.65936,-33.497627],[-70.658975,-33.497748],[-70.658828,-33.497794],[-70.658752,-33.497819],[-70.658387,-33.497933],[-70.6583,-33.497961],[-70.65803,-33.498046],[-70.657124,-33.498333],[-70.657035,-33.498361],[-70.65661,-33.498496],[-70.656212,-33.49862],[-70.656128,-33.498646],[-70.655928,-33.498711],[-70.654871,-33.499053],[-70.654265,-33.499249],[-70.653908,-33.499365],[-70.653824,-33.499392],[-70.653684,-33.499431],[-70.653095,-33.499557],[-70.651595,-33.499874],[-70.650749,-33.500053],[-70.649902,-33.500235],[-70.649397,-33.500344],[-70.648878,-33.500456]],"time":659.161}
