{"shape":[[-70.509808,-33.718457]],"time":0}