{"shape":[[-70.509808,-33.718457],[-70.57728319405749,-33.60229686152652],[-70.57707688863147,-33.60318722268054],[-70.57687058320543,-33.60407758383457],[-70.57666427777941,-33.60496794498859],[-70.5764579723534,-33.60585830614261],[-70.57625166692738,-33.60674866729663],[-70.57604536150134,-33.607639028450656],[-70.57583905607532,-33.608529389604676],[-70.547707,-33.593105]],"time":702}