{"shape":[[-70.609616,-33.430978],[-70.60924666660485,-33.4219967921248],[-70.61016153341929,-33.42264358379812],[-70.61107640023371,-33.42329037547144],[-70.61199126704814,-33.423937167144764],[-70.61290613386258,-33.42458395881808],[-70.613821000677,-33.4252307504914],[-70.60824812611725,-33.42224789516456],[-70.60816445244406,-33.423145789877644],[-70.60808077877088,-33.42404368459072],[-70.6079971050977,-33.4249415793038],[-70.60791343142452,-33.42583947401688],[-70.60782975775133,-33.42673736872996],[-70.60774608407816,-33.427635263443044],[-70.60766241040498,-33.42853315815612],[-70.6075787367318,-33.4294310528692],[-70.60749506305862,-33.43032894758228],[-70.60741138938543,-33.43122684229536],[-70.60732771571226,-33.43212473700844],[-70.60724404203908,-33.43302263172152],[-70.6071603683659,-33.4339205264346],[-70.60707669469272,-33.43481842114768],[-70.60699302101953,-33.43571631586076],[-70.60690934734636,-33.436614210573836],[-70.60682567367317,-33.43751210528692],[-70.606742,-33.43841],[-70.6066458235294,-33.439352117647054],[-70.60654964705883,-33.44029423529411],[-70.60645347058824,-33.441236352941175],[-70.60635729411764,-33.44217847058823],[-70.60626111764705,-33.44312058823529],[-70.60616494117647,-33.444062705882345],[-70.60606876470588,-33.44500482352941],[-70.60597258823529,-33.445946941176466],[-70.60587641176471,-33.44688905882352],[-70.60578023529412,-33.44783117647058],[-70.60568405882353,-33.44877329411764],[-70.60558788235295,-33.4497154117647],[-70.60549170588236,-33.45065752941176],[-70.60539552941177,-33.45159964705881],[-70.60529935294117,-33.45254176470588],[-70.6052031764706,-33.453483882352934],[-70.605107,-33.45442599999999],[-70.59857728571428,-33.45509457142857],[-70.59966557142857,-33.45498314285714],[-70.60075385714286,-33.45487171428571],[-70.60184214285714,-33.45476028571428],[-70.60293042857143,-33.45464885714285],[-70.60401871428571,-33.45453742857142],[-70.595409,-33.455145]],"time":1285}