{"shape":[[-70.609616,-33.430978],[-70.61478925061365,-33.425801208762984],[-70.6157575005503,-33.426371667034566],[-70.61672575048695,-33.426942125306155],[-70.61769400042361,-33.42751258357774],[-70.61866225036026,-33.42808304184932],[-70.6196305002969,-33.4286535001209],[-70.62053117173053,-33.42924908583061],[-70.62143184316416,-33.42984467154033],[-70.62233251459779,-33.43044025725004],[-70.62323318603141,-33.43103584295976],[-70.62413385746504,-33.43163142866947],[-70.62503452889867,-33.43222701437919],[-70.6259352003323,-33.4328226000889],[-70.62684878912923,-33.433338366904046],[-70.62776237792615,-33.433854133719194],[-70.62867596672308,-33.43436990053434],[-70.62958955552,-33.43488566734949],[-70.63050314431693,-33.43540143416464],[-70.63141673311385,-33.43591720097979],[-70.63233032191079,-33.436432967794936],[-70.6332439107077,-33.436948734610084],[-70.63415749950464,-33.43746450142523],[-70.6431188332783,-33.436551166825026],[-70.64199866655659,-33.43666533365005],[-70.64087849983488,-33.436779500475076],[-70.63975833311318,-33.436893667300104],[-70.63863816639146,-33.437007834125126],[-70.63751799966975,-33.437122000950154],[-70.63639783294805,-33.43723616777518],[-70.63527766622634,-33.437350334600204],[-70.63415749950464,-33.43746450142523],[-70.64986416603335,-33.4372846701489],[-70.64873913282668,-33.43711513611912],[-70.64761409962,-33.43694560208934],[-70.64648906641334,-33.43677606805956],[-70.64536403320668,-33.43660653402978],[-70.644239,-33.436437],[-70.65864352495046,-33.43819427794013],[-70.65755004984898,-33.43808855311706],[-70.65645657474748,-33.437982828294],[-70.655363099646,-33.43787710347094],[-70.6542696245445,-33.437771378647874],[-70.653176149443,-33.43766565382481],[-70.65208267434151,-33.43755992900174],[-70.65098919924002,-33.43745420417868],[-70.65993133335233,-33.43920155804826],[-70.6601256666527,-33.44010311333333],[-70.66031999995307,-33.4410046686184],[-70.66051433325345,-33.441906223903466],[-70.66070866655382,-33.44280777918853],[-70.66090299985419,-33.443709334473596],[-70.66109733315456,-33.444610889758664],[-70.66129166645493,-33.44551244504373],[-70.6614859997553,-33.4464140003288],[-70.66253633322371,-33.44667200032766],[-70.66358666669214,-33.44693000032652],[-70.66463700016055,-33.44718800032538],[-70.66568733362898,-33.44744600032424],[-70.665,-33.45254]],"time":1751}