{"shape":[[-70.720573,-33.358891]],"time":0}