{"shape":[[-70.720573,-33.358891],[-70.72159416192018,-33.3663495239592],[-70.72270780468835,-33.366255835864706],[-70.72382144745653,-33.366162147770204],[-70.7249350902247,-33.3660684596757],[-70.72604873299288,-33.3659747715812],[-70.72716237576105,-33.3658810834867],[-70.72827601852923,-33.3657873953922],[-70.866754,-33.064075]],"time":694}