{"shape":[[-70.696092,-33.428194],[-70.68989119998808,-33.43848305003077],[-70.68884173332347,-33.43869543336074],[-70.68779226665886,-33.438907816690715],[-70.68674279999425,-33.43912020002068],[-70.68569333332965,-33.43933258335065],[-70.68464386666504,-33.43954496668062],[-70.68359440000043,-33.439757350010595],[-70.68254493333582,-33.43996973334056],[-70.68149546667121,-33.44018211667053],[-70.6804460000066,-33.4403945000005],[-70.67927410000594,-33.44026315000045],[-70.67810220000528,-33.4401318000004],[-70.67693030000461,-33.44000045000035],[-70.67575840000396,-33.4398691000003],[-70.6745865000033,-33.43973775000025],[-70.67341460000264,-33.4396064000002],[-70.67224270000199,-33.439475050000155],[-70.67107080000132,-33.4393437000001],[-70.66989890000066,-33.43921235000005],[-70.668727,-33.439081],[-70.6676032500065,-33.4389833753454],[-70.666479500013,-33.4388857506908],[-70.66535575001949,-33.4387881260362],[-70.66423200002598,-33.4386905013816],[-70.66310825003248,-33.43859287672699],[-70.66198450003897,-33.43849525207239],[-70.66086075004547,-33.43839762741779],[-70.65973700005196,-33.43830000276319],[-70.65993133335233,-33.43920155804826],[-70.6601256666527,-33.44010311333333],[-70.66031999995307,-33.4410046686184],[-70.66051433325345,-33.441906223903466],[-70.66070866655382,-33.44280777918853],[-70.66090299985419,-33.443709334473596],[-70.66109733315456,-33.444610889758664],[-70.66129166645493,-33.44551244504373],[-70.6614859997553,-33.4464140003288],[-70.66253633322371,-33.44667200032766],[-70.66358666669214,-33.44693000032652],[-70.66463700016055,-33.44718800032538],[-70.66568733362898,-33.44744600032424],[-70.665,-33.45254]],"time":1091}