{"shape":[[-70.720629,-33.401367]],"time":0}