{"shape":[[-70.642774,-33.539103],[-70.63522575010384,-33.542271000288984],[-70.6363410000493,-33.54212600025287],[-70.63745624999476,-33.54198100021676],[-70.6385714999402,-33.54183600018065],[-70.63968674988564,-33.54169100014454],[-70.6408019998311,-33.541546000108426],[-70.64191724977655,-33.54140100007231],[-70.643032499722,-33.5412560000362],[-70.61717034394243,-33.54122959378532],[-70.61829968769015,-33.54130868755464],[-70.61942903143789,-33.541387781323955],[-70.62055837518562,-33.54146687509328],[-70.62168771893336,-33.54154596886259],[-70.6228170626811,-33.541625062631915],[-70.62394640642881,-33.54170415640123],[-70.62507575017655,-33.54178325017055],[-70.62620509392428,-33.54186234393987],[-70.627334437672,-33.541941437709184],[-70.62846378141974,-33.54202053147851],[-70.62959312516747,-33.54209962524782],[-70.63072246891521,-33.542178719017144],[-70.63185181266294,-33.54225781278646],[-70.63298115641066,-33.54233690655578],[-70.623873,-33.532319]],"time":1141}