{"shape":[[-70.642774,-33.539103],[-70.64410631040545,-33.541074492914106],[-70.6451801210889,-33.540892985792006],[-70.64625393177234,-33.54071147866991],[-70.64732774245579,-33.54052997154781],[-70.64840155313924,-33.54034846442572],[-70.64947536382269,-33.54016695730362],[-70.65054917450614,-33.539985450181526],[-70.65162298518958,-33.539803943059425],[-70.65269679587303,-33.53962243593733],[-70.65377060655648,-33.53944092881524],[-70.65484441723993,-33.53925942169314],[-70.65591822792338,-33.539077914571045],[-70.65699203860682,-33.538896407448945],[-70.65806584929027,-33.53871490032685],[-70.65913965997372,-33.53853339320475],[-70.66021347065717,-33.53835188608266],[-70.66128728134062,-33.53817037896056],[-70.66236109202406,-33.537988871838465],[-70.66343490270751,-33.537807364716365],[-70.663322,-33.534761]],"time":828}