{"shape":[[-70.642774,-33.539103],[-70.64410631040545,-33.541074492914106],[-70.6451801210889,-33.540892985792006],[-70.64625393177234,-33.54071147866991],[-70.64732774245579,-33.54052997154781],[-70.64840155313924,-33.54034846442572],[-70.64947536382269,-33.54016695730362],[-70.65054917450614,-33.539985450181526],[-70.65162298518958,-33.539803943059425],[-70.65269679587303,-33.53962243593733],[-70.65377060655648,-33.53944092881524],[-70.65484441723993,-33.53925942169314],[-70.65591822792338,-33.539077914571045],[-70.65699203860682,-33.538896407448945],[-70.65806584929027,-33.53871490032685],[-70.65913965997372,-33.53853339320475],[-70.66021347065717,-33.53835188608266],[-70.66128728134062,-33.53817037896056],[-70.66236109202406,-33.537988871838465],[-70.66343490270751,-33.537807364716365],[-70.66450871339096,-33.53762585759427],[-70.66165172603488,-33.52736298844297],[-70.66191145215817,-33.52829597654763],[-70.66217117828144,-33.52922896465229],[-70.66243090440472,-33.530161952756956],[-70.662690630528,-33.53109494086162],[-70.66295035665128,-33.532027928966286],[-70.66321008277455,-33.53296091707095],[-70.66346980889784,-33.53389390517562],[-70.66372953502112,-33.53482689328028],[-70.6639892611444,-33.53575988138494],[-70.66424898726768,-33.536692869489606],[-70.66450871339096,-33.53762585759427],[-70.65910689999106,-33.51820355021977],[-70.65936079998224,-33.51911760023294],[-70.6596146999734,-33.52003165024611],[-70.65986859996458,-33.52094570025928],[-70.66012249995575,-33.521859750272455],[-70.66037639994691,-33.52277380028562],[-70.66063029993809,-33.52368785029879],[-70.66088419992926,-33.524601900311964],[-70.66113809992044,-33.52551595032513],[-70.686111,-33.516338]],"time":1447}