{"shape":[[-70.648878,-33.500456],[-70.65327100020004,-33.49778558345315],[-70.65354550019747,-33.498729166798306],[-70.65382000019491,-33.49967275014345],[-70.65409450019234,-33.5006163334886],[-70.65436900018977,-33.501559916833756],[-70.6546435001872,-33.5025035001789],[-70.65489593764602,-33.503392187681804],[-70.65514837510483,-33.504280875184705],[-70.65540081256364,-33.505169562687605],[-70.65565325002245,-33.506058250190506],[-70.65590568748127,-33.5069469376934],[-70.65615812494008,-33.5078356251963],[-70.65641056239889,-33.5087243126992],[-70.6566629998577,-33.5096130002021],[-70.65693674987547,-33.51057256270266],[-70.65721049989325,-33.511532125203225],[-70.65748424991102,-33.512491687703786],[-70.6577579999288,-33.513451250204355],[-70.65803174994657,-33.51441081270492],[-70.65830549996434,-33.51537037520548],[-70.65857924998213,-33.51632993770604],[-70.686111,-33.516338]],"time":863}