{"shape":[[-70.746933,-33.65513],[-70.67389846158747,-33.57178807692742],[-70.67413692317494,-33.572696153854835],[-70.67437538476241,-33.57360423078225],[-70.67461384634987,-33.57451230770966],[-70.67485230793734,-33.57542038463708],[-70.67509076952481,-33.57632846156449],[-70.67532923111229,-33.57723653849191],[-70.67556769269976,-33.578144615419326],[-70.67580615428723,-33.57905269234674],[-70.67604461587469,-33.57996076927415],[-70.67628307746216,-33.58086884620157],[-70.67652153904963,-33.581776923128984],[-70.6767600006371,-33.5826850000564],[-70.67058,-33.56126416666667],[-70.67086,-33.56213833333333],[-70.67114,-33.5630125],[-70.67142,-33.56388666666667],[-70.6717,-33.56476083333333],[-70.67197999999999,-33.565635],[-70.67226,-33.56650916666667],[-70.67254,-33.56738333333333],[-70.67282,-33.5682575],[-70.6731,-33.56913166666667],[-70.67338,-33.57000583333333],[-70.67366,-33.57088],[-70.66721066666666,-33.54735133333333],[-70.66743133333333,-33.548282666666665],[-70.667652,-33.549214],[-70.66787266666667,-33.55014533333333],[-70.66809333333333,-33.55107666666667],[-70.668314,-33.552008],[-70.66853466666666,-33.552939333333335],[-70.66875533333334,-33.55387066666666],[-70.668976,-33.554801999999995],[-70.66919666666666,-33.55573333333333],[-70.66941733333333,-33.55666466666666],[-70.66963799999999,-33.557596],[-70.66985866666667,-33.55852733333333],[-70.67007933333333,-33.559458666666664],[-70.6703,-33.56039],[-70.66475684205186,-33.53850527183484],[-70.66500497071277,-33.539384686075415],[-70.66525309937367,-33.54026410031599],[-70.66550122803457,-33.54114351455656],[-70.66574935669547,-33.54202292879714],[-70.66599748535639,-33.54290234303771],[-70.66624561401728,-33.54378175727828],[-70.66649374267818,-33.544661171518854],[-70.6667418713391,-33.545540585759426],[-70.663322,-33.534761]],"time":2001}