{"shape":[[-70.626147,-33.494377],[-70.61876600002684,-33.48746391669083],[-70.61851100002147,-33.488355333352665],[-70.6182560000161,-33.4892467500145],[-70.61800100001074,-33.49013816667633],[-70.61774600000537,-33.49102958333816],[-70.617491,-33.491921],[-70.62183966667024,-33.47901738889211],[-70.62148733334048,-33.479961777784226],[-70.62113500001074,-33.480906166676334],[-70.62078266668098,-33.48185055556844],[-70.62043033335122,-33.48279494446056],[-70.62007800002146,-33.483739333352666],[-70.61972566669172,-33.484683722244775],[-70.61937333336196,-33.48562811113689],[-70.6190210000322,-33.486572500029],[-70.62534166666667,-33.46832425],[-70.62505533333334,-33.4692105],[-70.624769,-33.47009675],[-70.62448266666667,-33.470983000000004],[-70.62419633333333,-33.471869250000005],[-70.62391,-33.472755500000005],[-70.62362366666667,-33.47364175],[-70.62333733333334,-33.474528],[-70.623051,-33.47541425],[-70.62276466666667,-33.4763005],[-70.62247833333333,-33.47718675],[-70.622192,-33.478073],[-70.60796783338942,-33.4629004166746],[-70.60900666671947,-33.4631673333408],[-70.6100455000495,-33.463434250007],[-70.61108433337954,-33.463701166673204],[-70.61212316670957,-33.4639680833394],[-70.6131620000396,-33.4642350000056],[-70.61420083336964,-33.4645019166718],[-70.61523966669967,-33.464768833338],[-70.6162785000297,-33.465035750004205],[-70.61731733335974,-33.465302666670404],[-70.61835616668976,-33.4655695833366],[-70.61939500001981,-33.4658365000028],[-70.62043383334984,-33.466103416669],[-70.62147266667986,-33.4663703333352],[-70.6225115000099,-33.4666372500014],[-70.62355033333994,-33.466904166667604],[-70.62458916666998,-33.4671710833338],[-70.625628,-33.467438],[-70.60530944445105,-33.45533794444537],[-70.60551188890209,-33.456249888890746],[-70.60571433335313,-33.45716183333613],[-70.60591677780418,-33.45807377778151],[-70.60611922225522,-33.458985722226885],[-70.60632166670626,-33.45989766667226],[-70.60652411115731,-33.46080961111765],[-70.60672655560835,-33.461721555563024],[-70.6069290000594,-33.4626335000084],[-70.59857728571428,-33.45509457142857],[-70.59966557142857,-33.45498314285714],[-70.60075385714286,-33.45487171428571],[-70.60184214285714,-33.45476028571428],[-70.60293042857143,-33.45464885714285],[-70.60401871428571,-33.45453742857142],[-70.595409,-33.455145]],"time":2284}