{"shape":[[-71.449177,-33.951139]],"time":0}