{"shape":[[-70.665,-33.45254],[-70.66253633322371,-33.44667200032766],[-70.66358666669214,-33.44693000032652],[-70.66463700016055,-33.44718800032538],[-70.66568733362898,-33.44744600032424],[-70.6667376670974,-33.4477040003231],[-70.65993133335233,-33.43920155804826],[-70.6601256666527,-33.44010311333333],[-70.66031999995307,-33.4410046686184],[-70.66051433325345,-33.441906223903466],[-70.66070866655382,-33.44280777918853],[-70.66090299985419,-33.443709334473596],[-70.66109733315456,-33.444610889758664],[-70.66129166645493,-33.44551244504373],[-70.6614859997553,-33.4464140003288],[-70.65403345858839,-33.433614375497726],[-70.65484825022604,-33.434283750821365],[-70.65566304186369,-33.434953126145004],[-70.65647783350136,-33.43562250146864],[-70.65729262513901,-33.436291876792275],[-70.65810741677666,-33.436961252115914],[-70.65892220841431,-33.43763062743955],[-70.65973700005196,-33.43830000276319],[-70.65338545124776,-33.43205582369326],[-70.65355223554477,-33.43116664721243],[-70.65371901984179,-33.4302774707316],[-70.6538858041388,-33.42938829425077],[-70.65405258843582,-33.428499117769945],[-70.65421937273283,-33.42760994128911],[-70.65438615702985,-33.42672076480829],[-70.65455294132686,-33.425831588327455],[-70.65471972562388,-33.42494241184663],[-70.65488650992089,-33.4240532353658],[-70.65505329421791,-33.42316405888497],[-70.65522007851492,-33.42227488240414],[-70.65538686281194,-33.42138570592331],[-70.65555364710895,-33.42049652944248],[-70.65572043140597,-33.419607352961656],[-70.65588721570298,-33.41871817648082],[-70.656054,-33.417829],[-70.65642453846154,-33.41695253846154],[-70.65679507692307,-33.416076076923076],[-70.65716561538461,-33.415199615384616],[-70.65753615384615,-33.414323153846155],[-70.65790669230769,-33.413446692307694],[-70.65827723076923,-33.412570230769234],[-70.65864776923077,-33.411693769230766],[-70.6590183076923,-33.410817307692305],[-70.65938884615385,-33.409940846153845],[-70.65975938461538,-33.409064384615384],[-70.66012992307692,-33.40818792307692],[-70.66050046153846,-33.40731146153846],[-70.66303,-33.410872]],"time":1572}