{"shape":[[-70.866754,-33.064075]],"time":0}