{"shape":[[-70.57406,-33.375897],[-70.5699441051987,-33.40955353272851],[-70.57098021239091,-33.409879895702815],[-70.57201631958311,-33.41020625867712],[-70.57305242677532,-33.410532621651434],[-70.57408853396753,-33.41085898462574],[-70.57512464115973,-33.411185347600046],[-70.57616074835195,-33.41151171057435],[-70.57719685554416,-33.41183807354866],[-70.57823296273637,-33.412164436522964],[-70.57926906992857,-33.41249079949727],[-70.58030517712078,-33.41281716247158],[-70.58134128431298,-33.41314352544589],[-70.58237739150519,-33.413469888420195],[-70.5834134986974,-33.4137962513945],[-70.58445516555821,-33.414066709498414],[-70.58549683241903,-33.41433716760233],[-70.58653849927984,-33.41460762570625],[-70.58758016614067,-33.414878083810166],[-70.58862183300148,-33.41514854191408],[-70.5896634998623,-33.415419000018],[-70.59075058313653,-33.41562933337955],[-70.59183766641077,-33.4158396667411],[-70.592924749685,-33.41605000010265],[-70.59401183295923,-33.4162603334642],[-70.59509891623347,-33.41647066682575],[-70.5961859995077,-33.4166810001873],[-70.59733453244723,-33.41696876730834],[-70.59848306538676,-33.41725653442937],[-70.5996315983263,-33.41754430155041],[-70.60078013126582,-33.41783206867144],[-70.60192866420536,-33.418119835792474],[-70.60299585346954,-33.41865819656898],[-70.60406304273371,-33.41919655734548],[-70.60513023199789,-33.419734918121975],[-70.60619742126207,-33.42027327889848],[-70.60726461052624,-33.42081163967498],[-70.60833179979042,-33.42135000045148],[-70.60924666660485,-33.4219967921248],[-70.61016153341929,-33.42264358379812],[-70.61107640023371,-33.42329037547144],[-70.61199126704814,-33.423937167144764],[-70.61290613386258,-33.42458395881808],[-70.609616,-33.430978]],"time":1116}